Workbook

Sheet How to use
A1: How to use the tracker
A3: 1. Tracker sheet: one row per student per subject. Type in the cream cells only (name, group, teacher, ALIS, TG, support, year group, subject, level, marks).
A4: 2. Year group, Subject, Level and Support are drop-downs. Marks are checked against the maximum mark for that test.
A5: 3. Choose the year group, subject and level in the boxes at the top - the test names, max marks and the status counts update. Level "SL/HL" shows both classes: headings then show the HL test name on the first line and the SL test name on the second, with both max marks.
A6: 4. Use the filter arrows on the header row (Year group, Subject, Level, Teacher, Group) to show just that class. Rows that do not match the boxes at the top are greyed out.
A7: 5. Everything else calculates: %, grade (from the Boundaries sheet), vs ALIS, weighted average %, overall grade, progress from 1st and previous test, and progress status.
A9: Progress status rules
A10: On/above target - overall grade minus ALIS is 0 or more
A11: Improving towards target - below ALIS, but latest grade is at least 0.5 above the first
A12: Declining - below ALIS and latest grade is at least 0.5 below the previous one
A13: Stable below target - below ALIS otherwise
A15: Assessments sheet: one row per test (year group, subject, level, slot 1-14, name, when, max mark, boundary set, weight). Edit names/max marks here; add a row to add a test. Mid course papers have weight 2.
... A21: Hidden columns to the right of the marks do the working - please do not delete them.

Sheet Tracker
A1: Humanities Tracking
A2: Pick a year group, subject and level, then filter the table to match (arrows on the header row). Type in the cream cells only; everything else calculates.
A3: YEAR GROUP | C3: SUBJECT | G3: LEVEL
A4: Grad 2027 | C4: IB Geography | G4: HL
A5: ="All ("&COUNTIFS($H$11:$H$610,$A$4,$I$11:$I$610,$C$4,$J$11:$J$610,IF($G$4="SL/HL","*",$G$4),$A$11:$A$610,"<>")&")" -> All (33) | C5: ="On/above target ("&COUNTIFS($H$11:$H$610,$A$4,$I$11:$I$610,$C$4,$J$11:$J$610,IF($G$4="SL/HL","*",$G$4),$P$11:$P$610,"On/above target")&")" -> On/above target (17) | G5: ="Improving towards target ("&COUNTIFS($H$11:$H$610,$A$4,$I$11:$I$610,$C$4,$J$11:$J$610,IF($G$4="SL/HL","*",$G$4),$P$11:$P$610,"Improving towards target")&")" -> Improving towards target (3) | J5: ="Stable below target ("&COUNTIFS($H$11:$H$610,$A$4,$I$11:$I$610,$C$4,$J$11:$J$610,IF($G$4="SL/HL","*",$G$4),$P$11:$P$610,"Stable below target")&")" -> Stable below target (11) | N5: ="Declining ("&COUNTIFS($H$11:$H$610,$A$4,$I$11:$I$610,$C$4,$J$11:$J$610,IF($G$4="SL/HL","*",$G$4),$P$11:$P$610,"Declining")&")" -> Declining (2)
A6: vs ALIS: | B6: on or above | C6: just below | E6: 1 grade below | H6: 2+ grades below
A8: Student | K8: Overall tracking | Q8: =IF($G$4="SL/HL","HL: "&IFERROR(INDEX(Assessments!$F$2:$F$600,MATCH($A$4&"|"&$C$4&"|HL|"&1,Assessments!$A$2:$A$600,0)),"—"),IFERROR(INDEX(Assessments!$F$2:$F$600,MATCH($A$4&"|"&$C$4&"|"&$G$4&"|"&1,Assessments!$A$2:$A$600,0)),"—")) -> Population | U8: =IF($G$4="SL/HL","HL: "&IFERROR(INDEX(Assessments!$F$2:$F$600,MATCH($A$4&"|"&$C$4&"|HL|"&2,Assessments!$A$2:$A$600,0)),"—"),IFERROR(INDEX(Assessments!$F$2:$F$600,MATCH($A$4&"|"&$C$4&"|"&$G$4&"|"&2,Assessments!$A$2:$A$600,0)),"—")) -> Food & health | Y8: =IF($G$4="SL/HL","HL: "&IFERROR(INDEX(Assessments!$F$2:$F$600,MATCH($A$4&"|"&$C$4&"|HL|"&3,Assessments!$A$2:$A$600,0)),"—"),IFERROR(INDEX(Assessments!$F$2:$F$600,MATCH($A$4&"|"&$C$4&"|"&$G$4&"|"&3,Assessments!$A$2:$A$600,0)),"—")) -> Population (P2) | AC8: =IF($G$4="SL/HL","HL: "&IFERROR(INDEX(Assessments!$F$2:$F$600,MATCH($A$4&"|"&$C$4&"|HL|"&4,Assessments!$A$2:$A$600,0)),"—"),IFERROR(INDEX(Assessments!$F$2:$F$600,MATCH($A$4&"|"&$C$4&"|"&$G$4&"|"&4,Assessments!$A$2:$A$600,0)),"—")) -> Freshwater | AG8: =IF($G$4="SL/HL","HL: "&IFERROR(INDEX(Assessments!$F$2:$F$600,MATCH($A$4&"|"&$C$4&"|HL|"&5,Assessments!$A$2:$A$600,0)),"—"),IFERROR(INDEX(Assessments!$F$2:$F$600,MATCH($A$4&"|"&$C$4&"|"&$G$4&"|"&5,Assessments!$A$2:$A$600,0)),"—")) -> Food & health | AK8: =IF($G$4="SL/HL","HL: "&IFERROR(INDEX(Assessments!$F$2:$F$600,MATCH($A$4&"|"&$C$4&"|HL|"&6,Assessments!$A$2:$A$600,0)),"—"),IFERROR(INDEX(Assessments!$F$2:$F$600,MATCH($A$4&"|"&$C$4&"|"&$G$4&"|"&6,Assessments!$A$2:$A$600,0)),"—")) -> Mid course P1 | AO8: =IF($G$4="SL/HL","HL: "&IFERROR(INDEX(Assessments!$F$2:$F$600,MATCH($A$4&"|"&$C$4&"|HL|"&7,Assessments!$A$2:$A$600,0)),"—"),IFERROR(INDEX(Assessments!$F$2:$F$600,MATCH($A$4&"|"&$C$4&"|"&$G$4&"|"&7,Assessments!$A$2:$A$600,0)),"—")) -> Mid course P2 | AS8: =IF($G$4="SL/HL","HL: "&IFERROR(INDEX(Assessments!$F$2:$F$600,MATCH($A$4&"|"&$C$4&"|HL|"&8,Assessments!$A$2:$A$600,0)),"—"),IFERROR(INDEX(Assessments!$F$2:$F$600,MATCH($A$4&"|"&$C$4&"|"&$G$4&"|"&8,Assessments!$A$2:$A$600,0)),"—")) -> IA | AW8: =IF($G$4="SL/HL","HL: "&IFERROR(INDEX(Assessments!$F$2:$F$600,MATCH($A$4&"|"&$C$4&"|HL|"&9,Assessments!$A$2:$A$600,0)),"—"),IFERROR(INDEX(Assessments!$F$2:$F$600,MATCH($A$4&"|"&$C$4&"|"&$G$4&"|"&9,Assessments!$A$2:$A$600,0)),"—")) -> HL essay | BA8: =IF($G$4="SL/HL","HL: "&IFERROR(INDEX(Assessments!$F$2:$F$600,MATCH($A$4&"|"&$C$4&"|HL|"&10,Assessments!$A$2:$A$600,0)),"—"),IFERROR(INDEX(Assessments!$F$2:$F$600,MATCH($A$4&"|"&$C$4&"|"&$G$4&"|"&10,Assessments!$A$2:$A$600,0)),"—")) -> Climate change | BE8: =IF($G$4="SL/HL","HL: "&IFERROR(INDEX(Assessments!$F$2:$F$600,MATCH($A$4&"|"&$C$4&"|HL|"&11,Assessments!$A$2:$A$600,0)),"—"),IFERROR(INDEX(Assessments!$F$2:$F$600,MATCH($A$4&"|"&$C$4&"|"&$G$4&"|"&11,Assessments!$A$2:$A$600,0)),"—")) -> — | BI8: =IF($G$4="SL/HL","HL: "&IFERROR(INDEX(Assessments!$F$2:$F$600,MATCH($A$4&"|"&$C$4&"|HL|"&12,Assessments!$A$2:$A$600,0)),"—"),IFERROR(INDEX(Assessments!$F$2:$F$600,MATCH($A$4&"|"&$C$4&"|"&$G$4&"|"&12,Assessments!$A$2:$A$600,0)),"—")) -> — | BM8: =IF($G$4="SL/HL","HL: "&IFERROR(INDEX(Assessments!$F$2:$F$600,MATCH($A$4&"|"&$C$4&"|HL|"&13,Assessments!$A$2:$A$600,0)),"—"),IFERROR(INDEX(Assessments!$F$2:$F$600,MATCH($A$4&"|"&$C$4&"|"&$G$4&"|"&13,Assessments!$A$2:$A$600,0)),"—")) -> — | BQ8: =IF($G$4="SL/HL","HL: "&IFERROR(INDEX(Assessments!$F$2:$F$600,MATCH($A$4&"|"&$C$4&"|HL|"&14,Assessments!$A$2:$A$600,0)),"—"),IFERROR(INDEX(Assessments!$F$2:$F$600,MATCH($A$4&"|"&$C$4&"|"&$G$4&"|"&14,Assessments!$A$2:$A$600,0)),"—")) -> —
K9: =IFERROR(IF($G$4="SL/HL","HL: "&INDEX(Lists!$G$2:$G$20,MATCH($C$4&"|"&"HL",Lists!$F$2:$F$20,0))&" · SL: "&INDEX(Lists!$G$2:$G$20,MATCH($C$4&"|"&"SL",Lists!$F$2:$F$20,0)),INDEX(Lists!$G$2:$G$20,MATCH($C$4&"|"&$G$4,Lists!$F$2:$F$20,0))&" boundaries"),"") -> Geog Overall HL boundaries | Q9: =IF($G$4="SL/HL","SL: "&IFERROR(INDEX(Assessments!$F$2:$F$600,MATCH($A$4&"|"&$C$4&"|SL|"&1,Assessments!$A$2:$A$600,0)),"—"),IFERROR(INDEX(Assessments!$G$2:$G$600,MATCH($A$4&"|"&$C$4&"|"&$G$4&"|"&1,Assessments!$A$2:$A$600,0))&IF(INDEX(Assessments!$J$2:$J$600,MATCH($A$4&"|"&$C$4&"|"&$G$4&"|"&1,Assessments!$A$2:$A$600,0))>1," · ×"&INDEX(Assessments!$J$2:$J$600,MATCH($A$4&"|"&$C$4&"|"&$G$4&"|"&1,Assessments!$A$2:$A$600,0)),""),"")) -> Y12 T1 Wk 8 | U9: =IF($G$4="SL/HL","SL: "&IFERROR(INDEX(Assessments!$F$2:$F$600,MATCH($A$4&"|"&$C$4&"|SL|"&2,Assessments!$A$2:$A$600,0)),"—"),IFERROR(INDEX(Assessments!$G$2:$G$600,MATCH($A$4&"|"&$C$4&"|"&$G$4&"|"&2,Assessments!$A$2:$A$600,0))&IF(INDEX(Assessments!$J$2:$J$600,MATCH($A$4&"|"&$C$4&"|"&$G$4&"|"&2,Assessments!$A$2:$A$600,0))>1," · ×"&INDEX(Assessments!$J$2:$J$600,MATCH($A$4&"|"&$C$4&"|"&$G$4&"|"&2,Assessments!$A$2:$A$600,0)),""),"")) -> Y12 T1 Wk 13 | Y9: =IF($G$4="SL/HL","SL: "&IFERROR(INDEX(Assessments!$F$2:$F$600,MATCH($A$4&"|"&$C$4&"|SL|"&3,Assessments!$A$2:$A$600,0)),"—"),IFERROR(INDEX(Assessments!$G$2:$G$600,MATCH($A$4&"|"&$C$4&"|"&$G$4&"|"&3,Assessments!$A$2:$A$600,0))&IF(INDEX(Assessments!$J$2:$J$600,MATCH($A$4&"|"&$C$4&"|"&$G$4&"|"&3,Assessments!$A$2:$A$600,0))>1," · ×"&INDEX(Assessments!$J$2:$J$600,MATCH($A$4&"|"&$C$4&"|"&$G$4&"|"&3,Assessments!$A$2:$A$600,0)),""),"")) -> Y12 T1 Wk 13 | AC9: =IF($G$4="SL/HL","SL: "&IFERROR(INDEX(Assessments!$F$2:$F$600,MATCH($A$4&"|"&$C$4&"|SL|"&4,Assessments!$A$2:$A$600,0)),"—"),IFERROR(INDEX(Assessments!$G$2:$G$600,MATCH($A$4&"|"&$C$4&"|"&$G$4&"|"&4,Assessments!$A$2:$A$600,0))&IF(INDEX(Assessments!$J$2:$J$600,MATCH($A$4&"|"&$C$4&"|"&$G$4&"|"&4,Assessments!$A$2:$A$600,0))>1," · ×"&INDEX(Assessments!$J$2:$J$600,MATCH($A$4&"|"&$C$4&"|"&$G$4&"|"&4,Assessments!$A$2:$A$600,0)),""),"")) -> Y12 T2 Wk 6 | AG9: =IF($G$4="SL/HL","SL: "&IFERROR(INDEX(Assessments!$F$2:$F$600,MATCH($A$4&"|"&$C$4&"|SL|"&5,Assessments!$A$2:$A$600,0)),"—"),IFERROR(INDEX(Assessments!$G$2:$G$600,MATCH($A$4&"|"&$C$4&"|"&$G$4&"|"&5,Assessments!$A$2:$A$600,0))&IF(INDEX(Assessments!$J$2:$J$600,MATCH($A$4&"|"&$C$4&"|"&$G$4&"|"&5,Assessments!$A$2:$A$600,0))>1," · ×"&INDEX(Assessments!$J$2:$J$600,MATCH($A$4&"|"&$C$4&"|"&$G$4&"|"&5,Assessments!$A$2:$A$600,0)),""),"")) -> Y12 T2 Wk 9 | AK9: =IF($G$4="SL/HL","SL: "&IFERROR(INDEX(Assessments!$F$2:$F$600,MATCH($A$4&"|"&$C$4&"|SL|"&6,Assessments!$A$2:$A$600,0)),"—"),IFERROR(INDEX(Assessments!$G$2:$G$600,MATCH($A$4&"|"&$C$4&"|"&$G$4&"|"&6,Assessments!$A$2:$A$600,0))&IF(INDEX(Assessments!$J$2:$J$600,MATCH($A$4&"|"&$C$4&"|"&$G$4&"|"&6,Assessments!$A$2:$A$600,0))>1," · ×"&INDEX(Assessments!$J$2:$J$600,MATCH($A$4&"|"&$C$4&"|"&$G$4&"|"&6,Assessments!$A$2:$A$600,0)),""),"")) -> Y12 T3 · ×2 | AO9: =IF($G$4="SL/HL","SL: "&IFERROR(INDEX(Assessments!$F$2:$F$600,MATCH($A$4&"|"&$C$4&"|SL|"&7,Assessments!$A$2:$A$600,0)),"—"),IFERROR(INDEX(Assessments!$G$2:$G$600,MATCH($A$4&"|"&$C$4&"|"&$G$4&"|"&7,Assessments!$A$2:$A$600,0))&IF(INDEX(Assessments!$J$2:$J$600,MATCH($A$4&"|"&$C$4&"|"&$G$4&"|"&7,Assessments!$A$2:$A$600,0))>1," · ×"&INDEX(Assessments!$J$2:$J$600,MATCH($A$4&"|"&$C$4&"|"&$G$4&"|"&7,Assessments!$A$2:$A$600,0)),""),"")) -> Y12 T3 · ×2 | AS9: =IF($G$4="SL/HL","SL: "&IFERROR(INDEX(Assessments!$F$2:$F$600,MATCH($A$4&"|"&$C$4&"|SL|"&8,Assessments!$A$2:$A$600,0)),"—"),IFERROR(INDEX(Assessments!$G$2:$G$600,MATCH($A$4&"|"&$C$4&"|"&$G$4&"|"&8,Assessments!$A$2:$A$600,0))&IF(INDEX(Assessments!$J$2:$J$600,MATCH($A$4&"|"&$C$4&"|"&$G$4&"|"&8,Assessments!$A$2:$A$600,0))>1," · ×"&INDEX(Assessments!$J$2:$J$600,MATCH($A$4&"|"&$C$4&"|"&$G$4&"|"&8,Assessments!$A$2:$A$600,0)),""),"")) -> Y13 T1 Wk 4 | AW9: =IF($G$4="SL/HL","SL: "&IFERROR(INDEX(Assessments!$F$2:$F$600,MATCH($A$4&"|"&$C$4&"|SL|"&9,Assessments!$A$2:$A$600,0)),"—"),IFERROR(INDEX(Assessments!$G$2:$G$600,MATCH($A$4&"|"&$C$4&"|"&$G$4&"|"&9,Assessments!$A$2:$A$600,0))&IF(INDEX(Assessments!$J$2:$J$600,MATCH($A$4&"|"&$C$4&"|"&$G$4&"|"&9,Assessments!$A$2:$A$600,0))>1," · ×"&INDEX(Assessments!$J$2:$J$600,MATCH($A$4&"|"&$C$4&"|"&$G$4&"|"&9,Assessments!$A$2:$A$600,0)),""),"")) -> Y13 T1 Wk 5 | BA9: =IF($G$4="SL/HL","SL: "&IFERROR(INDEX(Assessments!$F$2:$F$600,MATCH($A$4&"|"&$C$4&"|SL|"&10,Assessments!$A$2:$A$600,0)),"—"),IFERROR(INDEX(Assessments!$G$2:$G$600,MATCH($A$4&"|"&$C$4&"|"&$G$4&"|"&10,Assessments!$A$2:$A$600,0))&IF(INDEX(Assessments!$J$2:$J$600,MATCH($A$4&"|"&$C$4&"|"&$G$4&"|"&10,Assessments!$A$2:$A$600,0))>1," · ×"&INDEX(Assessments!$J$2:$J$600,MATCH($A$4&"|"&$C$4&"|"&$G$4&"|"&10,Assessments!$A$2:$A$600,0)),""),"")) -> Y13 T1 Wk 5 | BE9: =IF($G$4="SL/HL","SL: "&IFERROR(INDEX(Assessments!$F$2:$F$600,MATCH($A$4&"|"&$C$4&"|SL|"&11,Assessments!$A$2:$A$600,0)),"—"),IFERROR(INDEX(Assessments!$G$2:$G$600,MATCH($A$4&"|"&$C$4&"|"&$G$4&"|"&11,Assessments!$A$2:$A$600,0))&IF(INDEX(Assessments!$J$2:$J$600,MATCH($A$4&"|"&$C$4&"|"&$G$4&"|"&11,Assessments!$A$2:$A$600,0))>1," · ×"&INDEX(Assessments!$J$2:$J$600,MATCH($A$4&"|"&$C$4&"|"&$G$4&"|"&11,Assessments!$A$2:$A$600,0)),""),"")) | BI9: =IF($G$4="SL/HL","SL: "&IFERROR(INDEX(Assessments!$F$2:$F$600,MATCH($A$4&"|"&$C$4&"|SL|"&12,Assessments!$A$2:$A$600,0)),"—"),IFERROR(INDEX(Assessments!$G$2:$G$600,MATCH($A$4&"|"&$C$4&"|"&$G$4&"|"&12,Assessments!$A$2:$A$600,0))&IF(INDEX(Assessments!$J$2:$J$600,MATCH($A$4&"|"&$C$4&"|"&$G$4&"|"&12,Assessments!$A$2:$A$600,0))>1," · ×"&INDEX(Assessments!$J$2:$J$600,MATCH($A$4&"|"&$C$4&"|"&$G$4&"|"&12,Assessments!$A$2:$A$600,0)),""),"")) | BM9: =IF($G$4="SL/HL","SL: "&IFERROR(INDEX(Assessments!$F$2:$F$600,MATCH($A$4&"|"&$C$4&"|SL|"&13,Assessments!$A$2:$A$600,0)),"—"),IFERROR(INDEX(Assessments!$G$2:$G$600,MATCH($A$4&"|"&$C$4&"|"&$G$4&"|"&13,Assessments!$A$2:$A$600,0))&IF(INDEX(Assessments!$J$2:$J$600,MATCH($A$4&"|"&$C$4&"|"&$G$4&"|"&13,Assessments!$A$2:$A$600,0))>1," · ×"&INDEX(Assessments!$J$2:$J$600,MATCH($A$4&"|"&$C$4&"|"&$G$4&"|"&13,Assessments!$A$2:$A$600,0)),""),"")) | BQ9: =IF($G$4="SL/HL","SL: "&IFERROR(INDEX(Assessments!$F$2:$F$600,MATCH($A$4&"|"&$C$4&"|SL|"&14,Assessments!$A$2:$A$600,0)),"—"),IFERROR(INDEX(Assessments!$G$2:$G$600,MATCH($A$4&"|"&$C$4&"|"&$G$4&"|"&14,Assessments!$A$2:$A$600,0))&IF(INDEX(Assessments!$J$2:$J$600,MATCH($A$4&"|"&$C$4&"|"&$G$4&"|"&14,Assessments!$A$2:$A$600,0))>1," · ×"&INDEX(Assessments!$J$2:$J$600,MATCH($A$4&"|"&$C$4&"|"&$G$4&"|"&14,Assessments!$A$2:$A$600,0)),""),""))
A10: First name | B10: Surname | C10: Group | D10: Teacher | E10: ALIS | F10: TG | G10: Support | H10: Year group | I10: Subject | J10: Level | K10: Avg vs ALIS | L10: Avg % | M10: Grade | N10: From 1st | O10: From prev. | P10: Progress status | Q10: =IF($G$4="SL/HL",IFERROR("/"&INDEX(Assessments!$H$2:$H$600,MATCH($A$4&"|"&$C$4&"|HL|"&1,Assessments!$A$2:$A$600,0)),"–")&" | "&IFERROR("/"&INDEX(Assessments!$H$2:$H$600,MATCH($A$4&"|"&$C$4&"|SL|"&1,Assessments!$A$2:$A$600,0)),"–"),IFERROR("/"&INDEX(Assessments!$H$2:$H$600,MATCH($A$4&"|"&$C$4&"|"&$G$4&"|"&1,Assessments!$A$2:$A$600,0)),"Mark")) -> /20 | R10: % | S10: Grade | T10: vs ALIS | U10: =IF($G$4="SL/HL",IFERROR("/"&INDEX(Assessments!$H$2:$H$600,MATCH($A$4&"|"&$C$4&"|HL|"&2,Assessments!$A$2:$A$600,0)),"–")&" | "&IFERROR("/"&INDEX(Assessments!$H$2:$H$600,MATCH($A$4&"|"&$C$4&"|SL|"&2,Assessments!$A$2:$A$600,0)),"–"),IFERROR("/"&INDEX(Assessments!$H$2:$H$600,MATCH($A$4&"|"&$C$4&"|"&$G$4&"|"&2,Assessments!$A$2:$A$600,0)),"Mark")) -> /20 | V10: % | W10: Grade | X10: vs ALIS | Y10: =IF($G$4="SL/HL",IFERROR("/"&INDEX(Assessments!$H$2:$H$600,MATCH($A$4&"|"&$C$4&"|HL|"&3,Assessments!$A$2:$A$600,0)),"–")&" | "&IFERROR("/"&INDEX(Assessments!$H$2:$H$600,MATCH($A$4&"|"&$C$4&"|SL|"&3,Assessments!$A$2:$A$600,0)),"–"),IFERROR("/"&INDEX(Assessments!$H$2:$H$600,MATCH($A$4&"|"&$C$4&"|"&$G$4&"|"&3,Assessments!$A$2:$A$600,0)),"Mark")) -> /20 | Z10: % | AA10: Grade | AB10: vs ALIS | AC10: =IF($G$4="SL/HL",IFERROR("/"&INDEX(Assessments!$H$2:$H$600,MATCH($A$4&"|"&$C$4&"|HL|"&4,Assessments!$A$2:$A$600,0)),"–")&" | "&IFERROR("/"&INDEX(Assessments!$H$2:$H$600,MATCH($A$4&"|"&$C$4&"|SL|"&4,Assessments!$A$2:$A$600,0)),"–"),IFERROR("/"&INDEX(Assessments!$H$2:$H$600,MATCH($A$4&"|"&$C$4&"|"&$G$4&"|"&4,Assessments!$A$2:$A$600,0)),"Mark")) -> /20 | AD10: % | AE10: Grade | AF10: vs ALIS | AG10: =IF($G$4="SL/HL",IFERROR("/"&INDEX(Assessments!$H$2:$H$600,MATCH($A$4&"|"&$C$4&"|HL|"&5,Assessments!$A$2:$A$600,0)),"–")&" | "&IFERROR("/"&INDEX(Assessments!$H$2:$H$600,MATCH($A$4&"|"&$C$4&"|SL|"&5,Assessments!$A$2:$A$600,0)),"–"),IFERROR("/"&INDEX(Assessments!$H$2:$H$600,MATCH($A$4&"|"&$C$4&"|"&$G$4&"|"&5,Assessments!$A$2:$A$600,0)),"Mark")) -> /20 | AH10: % | AI10: Grade | AJ10: vs ALIS | AK10: =IF($G$4="SL/HL",IFERROR("/"&INDEX(Assessments!$H$2:$H$600,MATCH($A$4&"|"&$C$4&"|HL|"&6,Assessments!$A$2:$A$600,0)),"–")&" | "&IFERROR("/"&INDEX(Assessments!$H$2:$H$600,MATCH($A$4&"|"&$C$4&"|SL|"&6,Assessments!$A$2:$A$600,0)),"–"),IFERROR("/"&INDEX(Assessments!$H$2:$H$600,MATCH($A$4&"|"&$C$4&"|"&$G$4&"|"&6,Assessments!$A$2:$A$600,0)),"Mark")) -> /40 | AL10: % | AM10: Grade | AN10: vs ALIS | AO10: =IF($G$4="SL/HL",IFERROR("/"&INDEX(Assessments!$H$2:$H$600,MATCH($A$4&"|"&$C$4&"|HL|"&7,Assessments!$A$2:$A$600,0)),"–")&" | "&IFERROR("/"&INDEX(Assessments!$H$2:$H$600,MATCH($A$4&"|"&$C$4&"|SL|"&7,Assessments!$A$2:$A$600,0)),"–"),IFERROR("/"&INDEX(Assessments!$H$2:$H$600,MATCH($A$4&"|"&$C$4&"|"&$G$4&"|"&7,Assessments!$A$2:$A$600,0)),"Mark")) -> /50 | AP10: % | AQ10: Grade | AR10: vs ALIS | AS10: =IF($G$4="SL/HL",IFERROR("/"&INDEX(Assessments!$H$2:$H$600,MATCH($A$4&"|"&$C$4&"|HL|"&8,Assessments!$A$2:$A$600,0)),"–")&" | "&IFERROR("/"&INDEX(Assessments!$H$2:$H$600,MATCH($A$4&"|"&$C$4&"|SL|"&8,Assessments!$A$2:$A$600,0)),"–"),IFERROR("/"&INDEX(Assessments!$H$2:$H$600,MATCH($A$4&"|"&$C$4&"|"&$G$4&"|"&8,Assessments!$A$2:$A$600,0)),"Mark")) -> /25 | AT10: % | AU10: Grade | AV10: vs ALIS | AW10: =IF($G$4="SL/HL",IFERROR("/"&INDEX(Assessments!$H$2:$H$600,MATCH($A$4&"|"&$C$4&"|HL|"&9,Assessments!$A$2:$A$600,0)),"–")&" | "&IFERROR("/"&INDEX(Assessments!$H$2:$H$600,MATCH($A$4&"|"&$C$4&"|SL|"&9,Assessments!$A$2:$A$600,0)),"–"),IFERROR("/"&INDEX(Assessments!$H$2:$H$600,MATCH($A$4&"|"&$C$4&"|"&$G$4&"|"&9,Assessments!$A$2:$A$600,0)),"Mark")) -> /16 | AX10: % | AY10: Grade | AZ10: vs ALIS | BA10: =IF($G$4="SL/HL",IFERROR("/"&INDEX(Assessments!$H$2:$H$600,MATCH($A$4&"|"&$C$4&"|HL|"&10,Assessments!$A$2:$A$600,0)),"–")&" | "&IFERROR("/"&INDEX(Assessments!$H$2:$H$600,MATCH($A$4&"|"&$C$4&"|SL|"&10,Assessments!$A$2:$A$600,0)),"–"),IFERROR("/"&INDEX(Assessments!$H$2:$H$600,MATCH($A$4&"|"&$C$4&"|"&$G$4&"|"&10,Assessments!$A$2:$A$600,0)),"Mark")) -> /30 | BB10: % | BC10: Grade | BD10: vs ALIS | BE10: =IF($G$4="SL/HL",IFERROR("/"&INDEX(Assessments!$H$2:$H$600,MATCH($A$4&"|"&$C$4&"|HL|"&11,Assessments!$A$2:$A$600,0)),"–")&" | "&IFERROR("/"&INDEX(Assessments!$H$2:$H$600,MATCH($A$4&"|"&$C$4&"|SL|"&11,Assessments!$A$2:$A$600,0)),"–"),IFERROR("/"&INDEX(Assessments!$H$2:$H$600,MATCH($A$4&"|"&$C$4&"|"&$G$4&"|"&11,Assessments!$A$2:$A$600,0)),"Mark")) -> Mark | BF10: % | BG10: Grade | BH10: vs ALIS | BI10: =IF($G$4="SL/HL",IFERROR("/"&INDEX(Assessments!$H$2:$H$600,MATCH($A$4&"|"&$C$4&"|HL|"&12,Assessments!$A$2:$A$600,0)),"–")&" | "&IFERROR("/"&INDEX(Assessments!$H$2:$H$600,MATCH($A$4&"|"&$C$4&"|SL|"&12,Assessments!$A$2:$A$600,0)),"–"),IFERROR("/"&INDEX(Assessments!$H$2:$H$600,MATCH($A$4&"|"&$C$4&"|"&$G$4&"|"&12,Assessments!$A$2:$A$600,0)),"Mark")) -> Mark | BJ10: % | BK10: Grade | BL10: vs ALIS | BM10: =IF($G$4="SL/HL",IFERROR("/"&INDEX(Assessments!$H$2:$H$600,MATCH($A$4&"|"&$C$4&"|HL|"&13,Assessments!$A$2:$A$600,0)),"–")&" | "&IFERROR("/"&INDEX(Assessments!$H$2:$H$600,MATCH($A$4&"|"&$C$4&"|SL|"&13,Assessments!$A$2:$A$600,0)),"–"),IFERROR("/"&INDEX(Assessments!$H$2:$H$600,MATCH($A$4&"|"&$C$4&"|"&$G$4&"|"&13,Assessments!$A$2:$A$600,0)),"Mark")) -> Mark | BN10: % | BO10: Grade | BP10: vs ALIS | BQ10: =IF($G$4="SL/HL",IFERROR("/"&INDEX(Assessments!$H$2:$H$600,MATCH($A$4&"|"&$C$4&"|HL|"&14,Assessments!$A$2:$A$600,0)),"–")&" | "&IFERROR("/"&INDEX(Assessments!$H$2:$H$600,MATCH($A$4&"|"&$C$4&"|SL|"&14,Assessments!$A$2:$A$600,0)),"–"),IFERROR("/"&INDEX(Assessments!$H$2:$H$600,MATCH($A$4&"|"&$C$4&"|"&$G$4&"|"&14,Assessments!$A$2:$A$600,0)),"Mark")) -> Mark | BR10: % | BS10: Grade | BT10: vs ALIS | BU10: Max1 | BV10: Max2 | BW10: Max3 | BX10: Max4 | BY10: Max5 | BZ10: Max6 | CA10: Max7 | CB10: Max8 | CC10: Max9 | CD10: Max10 | CE10: Max11 | CF10: Max12 | CG10: Max13 | CH10: Max14 | CI10: Set1 | CJ10: Set2 | CK10: Set3 | CL10: Set4 | CM10: Set5 | CN10: Set6 | CO10: Set7 | CP10: Set8 | CQ10: Set9 | CR10: Set10 | CS10: Set11 | CT10: Set12 | CU10: Set13 | CV10: Set14 | CW10: W1 | CX10: W2 | CY10: W3 | CZ10: W4 | DA10: W5 | DB10: W6 | DC10: W7 | DD10: W8 | DE10: W9 | DF10: W10 | DG10: W11 | DH10: W12 | DI10: W13 | DJ10: W14 | DK10: G1 | DL10: G2 | DM10: G3 | DN10: G4 | DO10: G5 | DP10: G6 | DQ10: G7 | DR10: G8 | DS10: G9 | DT10: G10 | DU10: G11 | DV10: G12 | DW10: G13 | DX10: G14 | DY10: Pos1 | DZ10: Pos2 | EA10: Pos3 | EB10: Pos4 | EC10: Pos5 | ED10: Pos6 | EE10: Pos7 | EF10: Pos8 | EG10: Pos9 | EH10: Pos10 | EI10: Pos11 | EJ10: Pos12 | EK10: Pos13 | EL10: Pos14 | EM10: PW1 | EN10: PW2 | EO10: PW3 | EP10: PW4 | EQ10: PW5 | ER10: PW6 | ES10: PW7 | ET10: PW8 | EU10: PW9 | EV10: PW10 | EW10: PW11 | EX10: PW12 | EY10: PW13 | EZ10: PW14 | FA10: WE1 | FB10: WE2 | FC10: WE3 | FD10: WE4 | FE10: WE5 | FF10: WE6 | FG10: WE7 | FH10: WE8 | FI10: WE9 | FJ10: WE10 | FK10: WE11 | FL10: WE12 | FM10: WE13 | FN10: WE14 | FO10: OverallSet
A11: Sira (KK) | B11: Anuras | C11: 12.3 | D11: KEWR | E11: 6.8 | F11: 7 | G11: Y | H11: Grad 2027 | I11: IB Geography | J11: HL | K11: =IF(OR(M11="",$E11=""),"",M11-$E11) -> -0.8 | L11: =IF(SUM(FA11:FN11)=0,"",SUM(EM11:EZ11)/SUM(FA11:FN11)) -> 70.666667 | M11: =IF(OR(L11="",FO11=""),"",IFERROR(MATCH(L11,INDEX(Boundaries!$B$2:$I$30,MATCH(FO11,Boundaries!$A$2:$A$30,0),0),1)-1,"")) -> 6 | N11: =IF(COUNT($DY11:$EL11)<2,"",INDEX($DK11:$DX11,MAX($DY11:$EL11))-INDEX($DK11:$DX11,MIN($DY11:$EL11))) -> 0 | O11: =IF(COUNT($DY11:$EL11)<2,"",INDEX($DK11:$DX11,MAX($DY11:$EL11))-INDEX($DK11:$DX11,LARGE($DY11:$EL11,2))) -> 0 | P11: =IF(K11="","",IF(K11>=0,"On/above target",IF(AND(N11<>"",N11>=0.5),"Improving towards target",IF(AND(O11<>"",O11<=-0.5),"Declining","Stable below target")))) -> Stable below target | Q11: 13 | R11: =IF(OR(Q11="",BU11=""),"",Q11/BU11*100) -> 65 | S11: =IF(R11="","",IFERROR(MATCH(R11,INDEX(Boundaries!$B$2:$I$30,MATCH(CI11,Boundaries!$A$2:$A$30,0),0),1)-1,"")) -> 6 | T11: =IF(OR(S11="",$E11=""),"",S11-$E11) -> -0.8 | U11: 13 | V11: =IF(OR(U11="",BV11=""),"",U11/BV11*100) -> 65 | W11: =IF(V11="","",IFERROR(MATCH(V11,INDEX(Boundaries!$B$2:$I$30,MATCH(CJ11,Boundaries!$A$2:$A$30,0),0),1)-1,"")) -> 6 | X11: =IF(OR(W11="",$E11=""),"",W11-$E11) -> -0.8 | Y11: 13 | Z11: =IF(OR(Y11="",BW11=""),"",Y11/BW11*100) -> 65 | AA11: =IF(Z11="","",IFERROR(MATCH(Z11,INDEX(Boundaries!$B$2:$I$30,MATCH(CK11,Boundaries!$A$2:$A$30,0),0),1)-1,"")) -> 5 | AB11: =IF(OR(AA11="",$E11=""),"",AA11-$E11) -> -1.8 | AC11: 18 | AD11: =IF(OR(AC11="",BX11=""),"",AC11/BX11*100) -> 90 | AE11: =IF(AD11="","",IFERROR(MATCH(AD11,INDEX(Boundaries!$B$2:$I$30,MATCH(CL11,Boundaries!$A$2:$A$30,0),0),1)-1,"")) -> 7 | AF11: =IF(OR(AE11="",$E11=""),"",AE11-$E11) -> 0.2 | AG11: 18 | AH11: =IF(OR(AG11="",BY11=""),"",AG11/BY11*100) -> 90 | AI11: =IF(AH11="","",IFERROR(MATCH(AH11,INDEX(Boundaries!$B$2:$I$30,MATCH(CM11,Boundaries!$A$2:$A$30,0),0),1)-1,"")) -> 7 | AJ11: =IF(OR(AI11="",$E11=""),"",AI11-$E11) -> 0.2 | AK11: 25 | AL11: =IF(OR(AK11="",BZ11=""),"",AK11/BZ11*100) -> 62.5 | AM11: =IF(AL11="","",IFERROR(MATCH(AL11,INDEX(Boundaries!$B$2:$I$30,MATCH(CN11,Boundaries!$A$2:$A$30,0),0),1)-1,"")) -> 6 | AN11: =IF(OR(AM11="",$E11=""),"",AM11-$E11) -> -0.8 | AO11: 34 | AP11: =IF(OR(AO11="",CA11=""),"",AO11/CA11*100) -> 68 | AQ11: =IF(AP11="","",IFERROR(MATCH(AP11,INDEX(Boundaries!$B$2:$I$30,MATCH(CO11,Boundaries!$A$2:$A$30,0),0),1)-1,"")) -> 6 | AR11: =IF(OR(AQ11="",$E11=""),"",AQ11-$E11) -> -0.8 | AT11: =IF(OR(AS11="",CB11=""),"",AS11/CB11*100) | AU11: =IF(AT11="","",IFERROR(MATCH(AT11,INDEX(Boundaries!$B$2:$I$30,MATCH(CP11,Boundaries!$A$2:$A$30,0),0),1)-1,"")) | AV11: =IF(OR(AU11="",$E11=""),"",AU11-$E11) | AX11: =IF(OR(AW11="",CC11=""),"",AW11/CC11*100) | AY11: =IF(AX11="","",IFERROR(MATCH(AX11,INDEX(Boundaries!$B$2:$I$30,MATCH(CQ11,Boundaries!$A$2:$A$30,0),0),1)-1,"")) | AZ11: =IF(OR(AY11="",$E11=""),"",AY11-$E11) | BB11: =IF(OR(BA11="",CD11=""),"",BA11/CD11*100) | BC11: =IF(BB11="","",IFERROR(MATCH(BB11,INDEX(Boundaries!$B$2:$I$30,MATCH(CR11,Boundaries!$A$2:$A$30,0),0),1)-1,"")) | BD11: =IF(OR(BC11="",$E11=""),"",BC11-$E11) | BF11: =IF(OR(BE11="",CE11=""),"",BE11/CE11*100) | BG11: =IF(BF11="","",IFERROR(MATCH(BF11,INDEX(Boundaries!$B$2:$I$30,MATCH(CS11,Boundaries!$A$2:$A$30,0),0),1)-1,"")) | BH11: =IF(OR(BG11="",$E11=""),"",BG11-$E11) | BJ11: =IF(OR(BI11="",CF11=""),"",BI11/CF11*100) | BK11: =IF(BJ11="","",IFERROR(MATCH(BJ11,INDEX(Boundaries!$B$2:$I$30,MATCH(CT11,Boundaries!$A$2:$A$30,0),0),1)-1,"")) | BL11: =IF(OR(BK11="",$E11=""),"",BK11-$E11) | BN11: =IF(OR(BM11="",CG11=""),"",BM11/CG11*100) | BO11: =IF(BN11="","",IFERROR(MATCH(BN11,INDEX(Boundaries!$B$2:$I$30,MATCH(CU11,Boundaries!$A$2:$A$30,0),0),1)-1,"")) | BP11: =IF(OR(BO11="",$E11=""),"",BO11-$E11) | BR11: =IF(OR(BQ11="",CH11=""),"",BQ11/CH11*100) | BS11: =IF(BR11="","",IFERROR(MATCH(BR11,INDEX(Boundaries!$B$2:$I$30,MATCH(CV11,Boundaries!$A$2:$A$30,0),0),1)-1,"")) | BT11: =IF(OR(BS11="",$E11=""),"",BS11-$E11) | BU11: =IFERROR(INDEX(Assessments!$H$2:$H$600,MATCH($H11&"|"&$I11&"|"&$J11&"|"&1,Assessments!$A$2:$A$600,0)),"") -> 20 | BV11: =IFERROR(INDEX(Assessments!$H$2:$H$600,MATCH($H11&"|"&$I11&"|"&$J11&"|"&2,Assessments!$A$2:$A$600,0)),"") -> 20 | BW11: =IFERROR(INDEX(Assessments!$H$2:$H$600,MATCH($H11&"|"&$I11&"|"&$J11&"|"&3,Assessments!$A$2:$A$600,0)),"") -> 20 | BX11: =IFERROR(INDEX(Assessments!$H$2:$H$600,MATCH($H11&"|"&$I11&"|"&$J11&"|"&4,Assessments!$A$2:$A$600,0)),"") -> 20 | BY11: =IFERROR(INDEX(Assessments!$H$2:$H$600,MATCH($H11&"|"&$I11&"|"&$J11&"|"&5,Assessments!$A$2:$A$600,0)),"") -> 20 | BZ11: =IFERROR(INDEX(Assessments!$H$2:$H$600,MATCH($H11&"|"&$I11&"|"&$J11&"|"&6,Assessments!$A$2:$A$600,0)),"") -> 40 | CA11: =IFERROR(INDEX(Assessments!$H$2:$H$600,MATCH($H11&"|"&$I11&"|"&$J11&"|"&7,Assessments!$A$2:$A$600,0)),"") -> 50 | CB11: =IFERROR(INDEX(Assessments!$H$2:$H$600,MATCH($H11&"|"&$I11&"|"&$J11&"|"&8,Assessments!$A$2:$A$600,0)),"") -> 25 | CC11: =IFERROR(INDEX(Assessments!$H$2:$H$600,MATCH($H11&"|"&$I11&"|"&$J11&"|"&9,Assessments!$A$2:$A$600,0)),"") -> 16 | CD11: =IFERROR(INDEX(Assessments!$H$2:$H$600,MATCH($H11&"|"&$I11&"|"&$J11&"|"&10,Assessments!$A$2:$A$600,0)),"") -> 30 | CE11: =IFERROR(INDEX(Assessments!$H$2:$H$600,MATCH($H11&"|"&$I11&"|"&$J11&"|"&11,Assessments!$A$2:$A$600,0)),"") | CF11: =IFERROR(INDEX(Assessments!$H$2:$H$600,MATCH($H11&"|"&$I11&"|"&$J11&"|"&12,Assessments!$A$2:$A$600,0)),"") | CG11: =IFERROR(INDEX(Assessments!$H$2:$H$600,MATCH($H11&"|"&$I11&"|"&$J11&"|"&13,Assessments!$A$2:$A$600,0)),"") | CH11: =IFERROR(INDEX(Assessments!$H$2:$H$600,MATCH($H11&"|"&$I11&"|"&$J11&"|"&14,Assessments!$A$2:$A$600,0)),"") | CI11: =IFERROR(INDEX(Assessments!$I$2:$I$600,MATCH($H11&"|"&$I11&"|"&$J11&"|"&1,Assessments!$A$2:$A$600,0)),"") -> Geog Paper 1 | CJ11: =IFERROR(INDEX(Assessments!$I$2:$I$600,MATCH($H11&"|"&$I11&"|"&$J11&"|"&2,Assessments!$A$2:$A$600,0)),"") -> Geog Paper 1 | CK11: =IFERROR(INDEX(Assessments!$I$2:$I$600,MATCH($H11&"|"&$I11&"|"&$J11&"|"&3,Assessments!$A$2:$A$600,0)),"") -> Geog Paper 2 | CL11: =IFERROR(INDEX(Assessments!$I$2:$I$600,MATCH($H11&"|"&$I11&"|"&$J11&"|"&4,Assessments!$A$2:$A$600,0)),"") -> Geog Paper 1 | CM11: =IFERROR(INDEX(Assessments!$I$2:$I$600,MATCH($H11&"|"&$I11&"|"&$J11&"|"&5,Assessments!$A$2:$A$600,0)),"") -> Geog Paper 1 | CN11: =IFERROR(INDEX(Assessments!$I$2:$I$600,MATCH($H11&"|"&$I11&"|"&$J11&"|"&6,Assessments!$A$2:$A$600,0)),"") -> Geog Paper 1 | CO11: =IFERROR(INDEX(Assessments!$I$2:$I$600,MATCH($H11&"|"&$I11&"|"&$J11&"|"&7,Assessments!$A$2:$A$600,0)),"") -> Geog Paper 2 | CP11: =IFERROR(INDEX(Assessments!$I$2:$I$600,MATCH($H11&"|"&$I11&"|"&$J11&"|"&8,Assessments!$A$2:$A$600,0)),"") -> Geog Paper 2 | CQ11: =IFERROR(INDEX(Assessments!$I$2:$I$600,MATCH($H11&"|"&$I11&"|"&$J11&"|"&9,Assessments!$A$2:$A$600,0)),"") -> Geog Paper 3 | CR11: =IFERROR(INDEX(Assessments!$I$2:$I$600,MATCH($H11&"|"&$I11&"|"&$J11&"|"&10,Assessments!$A$2:$A$600,0)),"") -> Geog Paper 2 | CS11: =IFERROR(INDEX(Assessments!$I$2:$I$600,MATCH($H11&"|"&$I11&"|"&$J11&"|"&11,Assessments!$A$2:$A$600,0)),"") | CT11: =IFERROR(INDEX(Assessments!$I$2:$I$600,MATCH($H11&"|"&$I11&"|"&$J11&"|"&12,Assessments!$A$2:$A$600,0)),"") | CU11: =IFERROR(INDEX(Assessments!$I$2:$I$600,MATCH($H11&"|"&$I11&"|"&$J11&"|"&13,Assessments!$A$2:$A$600,0)),"") | CV11: =IFERROR(INDEX(Assessments!$I$2:$I$600,MATCH($H11&"|"&$I11&"|"&$J11&"|"&14,Assessments!$A$2:$A$600,0)),"") | CW11: =IFERROR(INDEX(Assessments!$J$2:$J$600,MATCH($H11&"|"&$I11&"|"&$J11&"|"&1,Assessments!$A$2:$A$600,0)),0) -> 1 | CX11: =IFERROR(INDEX(Assessments!$J$2:$J$600,MATCH($H11&"|"&$I11&"|"&$J11&"|"&2,Assessments!$A$2:$A$600,0)),0) -> 1 | CY11: =IFERROR(INDEX(Assessments!$J$2:$J$600,MATCH($H11&"|"&$I11&"|"&$J11&"|"&3,Assessments!$A$2:$A$600,0)),0) -> 1 | CZ11: =IFERROR(INDEX(Assessments!$J$2:$J$600,MATCH($H11&"|"&$I11&"|"&$J11&"|"&4,Assessments!$A$2:$A$600,0)),0) -> 1 | DA11: =IFERROR(INDEX(Assessments!$J$2:$J$600,MATCH($H11&"|"&$I11&"|"&$J11&"|"&5,Assessments!$A$2:$A$600,0)),0) -> 1 | DB11: =IFERROR(INDEX(Assessments!$J$2:$J$600,MATCH($H11&"|"&$I11&"|"&$J11&"|"&6,Assessments!$A$2:$A$600,0)),0) -> 2 | DC11: =IFERROR(INDEX(Assessments!$J$2:$J$600,MATCH($H11&"|"&$I11&"|"&$J11&"|"&7,Assessments!$A$2:$A$600,0)),0) -> 2 | DD11: =IFERROR(INDEX(Assessments!$J$2:$J$600,MATCH($H11&"|"&$I11&"|"&$J11&"|"&8,Assessments!$A$2:$A$600,0)),0) -> 1 | DE11: =IFERROR(INDEX(Assessments!$J$2:$J$600,MATCH($H11&"|"&$I11&"|"&$J11&"|"&9,Assessments!$A$2:$A$600,0)),0) -> 1 | DF11: =IFERROR(INDEX(Assessments!$J$2:$J$600,MATCH($H11&"|"&$I11&"|"&$J11&"|"&10,Assessments!$A$2:$A$600,0)),0) -> 1 | DG11: =IFERROR(INDEX(Assessments!$J$2:$J$600,MATCH($H11&"|"&$I11&"|"&$J11&"|"&11,Assessments!$A$2:$A$600,0)),0) -> 0 | DH11: =IFERROR(INDEX(Assessments!$J$2:$J$600,MATCH($H11&"|"&$I11&"|"&$J11&"|"&12,Assessments!$A$2:$A$600,0)),0) -> 0 | DI11: =IFERROR(INDEX(Assessments!$J$2:$J$600,MATCH($H11&"|"&$I11&"|"&$J11&"|"&13,Assessments!$A$2:$A$600,0)),0) -> 0 | DJ11: =IFERROR(INDEX(Assessments!$J$2:$J$600,MATCH($H11&"|"&$I11&"|"&$J11&"|"&14,Assessments!$A$2:$A$600,0)),0) -> 0 | DK11: =S11 -> 6 | DL11: =W11 -> 6 | DM11: =AA11 -> 5 | DN11: =AE11 -> 7 | DO11: =AI11 -> 7 | DP11: =AM11 -> 6 | DQ11: =AQ11 -> 6 | DR11: =AU11 | DS11: =AY11 | DT11: =BC11 | DU11: =BG11 | DV11: =BK11 | DW11: =BO11 | DX11: =BS11 | DY11: =IF(ISNUMBER(S11),1,"") -> 1 | DZ11: =IF(ISNUMBER(W11),2,"") -> 2 | EA11: =IF(ISNUMBER(AA11),3,"") -> 3 | EB11: =IF(ISNUMBER(AE11),4,"") -> 4 | EC11: =IF(ISNUMBER(AI11),5,"") -> 5 | ED11: =IF(ISNUMBER(AM11),6,"") -> 6 | EE11: =IF(ISNUMBER(AQ11),7,"") -> 7 | EF11: =IF(ISNUMBER(AU11),8,"") | EG11: =IF(ISNUMBER(AY11),9,"") | EH11: =IF(ISNUMBER(BC11),10,"") | EI11: =IF(ISNUMBER(BG11),11,"") | EJ11: =IF(ISNUMBER(BK11),12,"") | EK11: =IF(ISNUMBER(BO11),13,"") | EL11: =IF(ISNUMBER(BS11),14,"") | EM11: =IF(ISNUMBER(R11),R11*CW11,0) -> 65 | EN11: =IF(ISNUMBER(V11),V11*CX11,0) -> 65 | EO11: =IF(ISNUMBER(Z11),Z11*CY11,0) -> 65 | EP11: =IF(ISNUMBER(AD11),AD11*CZ11,0) -> 90 | EQ11: =IF(ISNUMBER(AH11),AH11*DA11,0) -> 90 | ER11: =IF(ISNUMBER(AL11),AL11*DB11,0) -> 125 | ES11: =IF(ISNUMBER(AP11),AP11*DC11,0) -> 136 | ET11: =IF(ISNUMBER(AT11),AT11*DD11,0) -> 0 | EU11: =IF(ISNUMBER(AX11),AX11*DE11,0) -> 0 | EV11: =IF(ISNUMBER(BB11),BB11*DF11,0) -> 0 | EW11: =IF(ISNUMBER(BF11),BF11*DG11,0) -> 0 | EX11: =IF(ISNUMBER(BJ11),BJ11*DH11,0) -> 0 | EY11: =IF(ISNUMBER(BN11),BN11*DI11,0) -> 0 | EZ11: =IF(ISNUMBER(BR11),BR11*DJ11,0) -> 0 | FA11: =IF(ISNUMBER(R11),CW11,0) -> 1 | FB11: =IF(ISNUMBER(V11),CX11,0) -> 1 | FC11: =IF(ISNUMBER(Z11),CY11,0) -> 1 | FD11: =IF(ISNUMBER(AD11),CZ11,0) -> 1 | FE11: =IF(ISNUMBER(AH11),DA11,0) -> 1 | FF11: =IF(ISNUMBER(AL11),DB11,0) -> 2 | FG11: =IF(ISNUMBER(AP11),DC11,0) -> 2 | FH11: =IF(ISNUMBER(AT11),DD11,0) -> 0 | FI11: =IF(ISNUMBER(AX11),DE11,0) -> 0 | FJ11: =IF(ISNUMBER(BB11),DF11,0) -> 0 | FK11: =IF(ISNUMBER(BF11),DG11,0) -> 0 | FL11: =IF(ISNUMBER(BJ11),DH11,0) -> 0 | FM11: =IF(ISNUMBER(BN11),DI11,0) -> 0 | FN11: =IF(ISNUMBER(BR11),DJ11,0) -> 0 | FO11: =IFERROR(INDEX(Lists!$G$2:$G$20,MATCH($I11&"|"&$J11,Lists!$F$2:$F$20,0)),"") -> Geog Overall HL
A12: Maxwell | B12: Barta | C12: 12.3 | D12: KEWR | E12: 5.2 | F12: 6 | H12: Grad 2027 | I12: IB Geography | J12: HL | K12: =IF(OR(M12="",$E12=""),"",M12-$E12) -> -0.2 | L12: =IF(SUM(FA12:FN12)=0,"",SUM(EM12:EZ12)/SUM(FA12:FN12)) -> 60.777778 | M12: =IF(OR(L12="",FO12=""),"",IFERROR(MATCH(L12,INDEX(Boundaries!$B$2:$I$30,MATCH(FO12,Boundaries!$A$2:$A$30,0),0),1)-1,"")) -> 5 | N12: =IF(COUNT($DY12:$EL12)<2,"",INDEX($DK12:$DX12,MAX($DY12:$EL12))-INDEX($DK12:$DX12,MIN($DY12:$EL12))) -> 0 | O12: =IF(COUNT($DY12:$EL12)<2,"",INDEX($DK12:$DX12,MAX($DY12:$EL12))-INDEX($DK12:$DX12,LARGE($DY12:$EL12,2))) -> -1 | P12: =IF(K12="","",IF(K12>=0,"On/above target",IF(AND(N12<>"",N12>=0.5),"Improving towards target",IF(AND(O12<>"",O12<=-0.5),"Declining","Stable below target")))) -> Declining | Q12: 12 | R12: =IF(OR(Q12="",BU12=""),"",Q12/BU12*100) -> 60 | S12: =IF(R12="","",IFERROR(MATCH(R12,INDEX(Boundaries!$B$2:$I$30,MATCH(CI12,Boundaries!$A$2:$A$30,0),0),1)-1,"")) -> 5 | T12: =IF(OR(S12="",$E12=""),"",S12-$E12) -> -0.2 | U12: 12 | V12: =IF(OR(U12="",BV12=""),"",U12/BV12*100) -> 60 | W12: =IF(V12="","",IFERROR(MATCH(V12,INDEX(Boundaries!$B$2:$I$30,MATCH(CJ12,Boundaries!$A$2:$A$30,0),0),1)-1,"")) -> 5 | X12: =IF(OR(W12="",$E12=""),"",W12-$E12) -> -0.2 | Y12: 12 | Z12: =IF(OR(Y12="",BW12=""),"",Y12/BW12*100) -> 60 | AA12: =IF(Z12="","",IFERROR(MATCH(Z12,INDEX(Boundaries!$B$2:$I$30,MATCH(CK12,Boundaries!$A$2:$A$30,0),0),1)-1,"")) -> 5 | AB12: =IF(OR(AA12="",$E12=""),"",AA12-$E12) -> -0.2 | AC12: 13 | AD12: =IF(OR(AC12="",BX12=""),"",AC12/BX12*100) -> 65 | AE12: =IF(AD12="","",IFERROR(MATCH(AD12,INDEX(Boundaries!$B$2:$I$30,MATCH(CL12,Boundaries!$A$2:$A$30,0),0),1)-1,"")) -> 6 | AF12: =IF(OR(AE12="",$E12=""),"",AE12-$E12) -> 0.8 | AG12: 13 | AH12: =IF(OR(AG12="",BY12=""),"",AG12/BY12*100) -> 65 | AI12: =IF(AH12="","",IFERROR(MATCH(AH12,INDEX(Boundaries!$B$2:$I$30,MATCH(CM12,Boundaries!$A$2:$A$30,0),0),1)-1,"")) -> 6 | AJ12: =IF(OR(AI12="",$E12=""),"",AI12-$E12) -> 0.8 | AK12: 25 | AL12: =IF(OR(AK12="",BZ12=""),"",AK12/BZ12*100) -> 62.5 | AM12: =IF(AL12="","",IFERROR(MATCH(AL12,INDEX(Boundaries!$B$2:$I$30,MATCH(CN12,Boundaries!$A$2:$A$30,0),0),1)-1,"")) -> 6 | AN12: =IF(OR(AM12="",$E12=""),"",AM12-$E12) -> 0.8 | AO12: 28 | AP12: =IF(OR(AO12="",CA12=""),"",AO12/CA12*100) -> 56 | AQ12: =IF(AP12="","",IFERROR(MATCH(AP12,INDEX(Boundaries!$B$2:$I$30,MATCH(CO12,Boundaries!$A$2:$A$30,0),0),1)-1,"")) -> 5 | AR12: =IF(OR(AQ12="",$E12=""),"",AQ12-$E12) -> -0.2 | AT12: =IF(OR(AS12="",CB12=""),"",AS12/CB12*100) | AU12: =IF(AT12="","",IFERROR(MATCH(AT12,INDEX(Boundaries!$B$2:$I$30,MATCH(CP12,Boundaries!$A$2:$A$30,0),0),1)-1,"")) | AV12: =IF(OR(AU12="",$E12=""),"",AU12-$E12) | AX12: =IF(OR(AW12="",CC12=""),"",AW12/CC12*100) | AY12: =IF(AX12="","",IFERROR(MATCH(AX12,INDEX(Boundaries!$B$2:$I$30,MATCH(CQ12,Boundaries!$A$2:$A$30,0),0),1)-1,"")) | AZ12: =IF(OR(AY12="",$E12=""),"",AY12-$E12) | BB12: =IF(OR(BA12="",CD12=""),"",BA12/CD12*100) | BC12: =IF(BB12="","",IFERROR(MATCH(BB12,INDEX(Boundaries!$B$2:$I$30,MATCH(CR12,Boundaries!$A$2:$A$30,0),0),1)-1,"")) | BD12: =IF(OR(BC12="",$E12=""),"",BC12-$E12) | BF12: =IF(OR(BE12="",CE12=""),"",BE12/CE12*100) | BG12: =IF(BF12="","",IFERROR(MATCH(BF12,INDEX(Boundaries!$B$2:$I$30,MATCH(CS12,Boundaries!$A$2:$A$30,0),0),1)-1,"")) | BH12: =IF(OR(BG12="",$E12=""),"",BG12-$E12) | BJ12: =IF(OR(BI12="",CF12=""),"",BI12/CF12*100) | BK12: =IF(BJ12="","",IFERROR(MATCH(BJ12,INDEX(Boundaries!$B$2:$I$30,MATCH(CT12,Boundaries!$A$2:$A$30,0),0),1)-1,"")) | BL12: =IF(OR(BK12="",$E12=""),"",BK12-$E12) | BN12: =IF(OR(BM12="",CG12=""),"",BM12/CG12*100) | BO12: =IF(BN12="","",IFERROR(MATCH(BN12,INDEX(Boundaries!$B$2:$I$30,MATCH(CU12,Boundaries!$A$2:$A$30,0),0),1)-1,"")) | BP12: =IF(OR(BO12="",$E12=""),"",BO12-$E12) | BR12: =IF(OR(BQ12="",CH12=""),"",BQ12/CH12*100) | BS12: =IF(BR12="","",IFERROR(MATCH(BR12,INDEX(Boundaries!$B$2:$I$30,MATCH(CV12,Boundaries!$A$2:$A$30,0),0),1)-1,"")) | BT12: =IF(OR(BS12="",$E12=""),"",BS12-$E12) | BU12: =IFERROR(INDEX(Assessments!$H$2:$H$600,MATCH($H12&"|"&$I12&"|"&$J12&"|"&1,Assessments!$A$2:$A$600,0)),"") -> 20 | BV12: =IFERROR(INDEX(Assessments!$H$2:$H$600,MATCH($H12&"|"&$I12&"|"&$J12&"|"&2,Assessments!$A$2:$A$600,0)),"") -> 20 | BW12: =IFERROR(INDEX(Assessments!$H$2:$H$600,MATCH($H12&"|"&$I12&"|"&$J12&"|"&3,Assessments!$A$2:$A$600,0)),"") -> 20 | BX12: =IFERROR(INDEX(Assessments!$H$2:$H$600,MATCH($H12&"|"&$I12&"|"&$J12&"|"&4,Assessments!$A$2:$A$600,0)),"") -> 20 | BY12: =IFERROR(INDEX(Assessments!$H$2:$H$600,MATCH($H12&"|"&$I12&"|"&$J12&"|"&5,Assessments!$A$2:$A$600,0)),"") -> 20 | BZ12: =IFERROR(INDEX(Assessments!$H$2:$H$600,MATCH($H12&"|"&$I12&"|"&$J12&"|"&6,Assessments!$A$2:$A$600,0)),"") -> 40 | CA12: =IFERROR(INDEX(Assessments!$H$2:$H$600,MATCH($H12&"|"&$I12&"|"&$J12&"|"&7,Assessments!$A$2:$A$600,0)),"") -> 50 | CB12: =IFERROR(INDEX(Assessments!$H$2:$H$600,MATCH($H12&"|"&$I12&"|"&$J12&"|"&8,Assessments!$A$2:$A$600,0)),"") -> 25 | CC12: =IFERROR(INDEX(Assessments!$H$2:$H$600,MATCH($H12&"|"&$I12&"|"&$J12&"|"&9,Assessments!$A$2:$A$600,0)),"") -> 16 | CD12: =IFERROR(INDEX(Assessments!$H$2:$H$600,MATCH($H12&"|"&$I12&"|"&$J12&"|"&10,Assessments!$A$2:$A$600,0)),"") -> 30 | CE12: =IFERROR(INDEX(Assessments!$H$2:$H$600,MATCH($H12&"|"&$I12&"|"&$J12&"|"&11,Assessments!$A$2:$A$600,0)),"") | CF12: =IFERROR(INDEX(Assessments!$H$2:$H$600,MATCH($H12&"|"&$I12&"|"&$J12&"|"&12,Assessments!$A$2:$A$600,0)),"") | CG12: =IFERROR(INDEX(Assessments!$H$2:$H$600,MATCH($H12&"|"&$I12&"|"&$J12&"|"&13,Assessments!$A$2:$A$600,0)),"") | CH12: =IFERROR(INDEX(Assessments!$H$2:$H$600,MATCH($H12&"|"&$I12&"|"&$J12&"|"&14,Assessments!$A$2:$A$600,0)),"") | CI12: =IFERROR(INDEX(Assessments!$I$2:$I$600,MATCH($H12&"|"&$I12&"|"&$J12&"|"&1,Assessments!$A$2:$A$600,0)),"") -> Geog Paper 1 | CJ12: =IFERROR(INDEX(Assessments!$I$2:$I$600,MATCH($H12&"|"&$I12&"|"&$J12&"|"&2,Assessments!$A$2:$A$600,0)),"") -> Geog Paper 1 | CK12: =IFERROR(INDEX(Assessments!$I$2:$I$600,MATCH($H12&"|"&$I12&"|"&$J12&"|"&3,Assessments!$A$2:$A$600,0)),"") -> Geog Paper 2 | CL12: =IFERROR(INDEX(Assessments!$I$2:$I$600,MATCH($H12&"|"&$I12&"|"&$J12&"|"&4,Assessments!$A$2:$A$600,0)),"") -> Geog Paper 1 | CM12: =IFERROR(INDEX(Assessments!$I$2:$I$600,MATCH($H12&"|"&$I12&"|"&$J12&"|"&5,Assessments!$A$2:$A$600,0)),"") -> Geog Paper 1 | CN12: =IFERROR(INDEX(Assessments!$I$2:$I$600,MATCH($H12&"|"&$I12&"|"&$J12&"|"&6,Assessments!$A$2:$A$600,0)),"") -> Geog Paper 1 | CO12: =IFERROR(INDEX(Assessments!$I$2:$I$600,MATCH($H12&"|"&$I12&"|"&$J12&"|"&7,Assessments!$A$2:$A$600,0)),"") -> Geog Paper 2 | CP12: =IFERROR(INDEX(Assessments!$I$2:$I$600,MATCH($H12&"|"&$I12&"|"&$J12&"|"&8,Assessments!$A$2:$A$600,0)),"") -> Geog Paper 2 | CQ12: =IFERROR(INDEX(Assessments!$I$2:$I$600,MATCH($H12&"|"&$I12&"|"&$J12&"|"&9,Assessments!$A$2:$A$600,0)),"") -> Geog Paper 3 | CR12: =IFERROR(INDEX(Assessments!$I$2:$I$600,MATCH($H12&"|"&$I12&"|"&$J12&"|"&10,Assessments!$A$2:$A$600,0)),"") -> Geog Paper 2 | CS12: =IFERROR(INDEX(Assessments!$I$2:$I$600,MATCH($H12&"|"&$I12&"|"&$J12&"|"&11,Assessments!$A$2:$A$600,0)),"") | CT12: =IFERROR(INDEX(Assessments!$I$2:$I$600,MATCH($H12&"|"&$I12&"|"&$J12&"|"&12,Assessments!$A$2:$A$600,0)),"") | CU12: =IFERROR(INDEX(Assessments!$I$2:$I$600,MATCH($H12&"|"&$I12&"|"&$J12&"|"&13,Assessments!$A$2:$A$600,0)),"") | CV12: =IFERROR(INDEX(Assessments!$I$2:$I$600,MATCH($H12&"|"&$I12&"|"&$J12&"|"&14,Assessments!$A$2:$A$600,0)),"") | CW12: =IFERROR(INDEX(Assessments!$J$2:$J$600,MATCH($H12&"|"&$I12&"|"&$J12&"|"&1,Assessments!$A$2:$A$600,0)),0) -> 1 | CX12: =IFERROR(INDEX(Assessments!$J$2:$J$600,MATCH($H12&"|"&$I12&"|"&$J12&"|"&2,Assessments!$A$2:$A$600,0)),0) -> 1 | CY12: =IFERROR(INDEX(Assessments!$J$2:$J$600,MATCH($H12&"|"&$I12&"|"&$J12&"|"&3,Assessments!$A$2:$A$600,0)),0) -> 1 | CZ12: =IFERROR(INDEX(Assessments!$J$2:$J$600,MATCH($H12&"|"&$I12&"|"&$J12&"|"&4,Assessments!$A$2:$A$600,0)),0) -> 1 | DA12: =IFERROR(INDEX(Assessments!$J$2:$J$600,MATCH($H12&"|"&$I12&"|"&$J12&"|"&5,Assessments!$A$2:$A$600,0)),0) -> 1 | DB12: =IFERROR(INDEX(Assessments!$J$2:$J$600,MATCH($H12&"|"&$I12&"|"&$J12&"|"&6,Assessments!$A$2:$A$600,0)),0) -> 2 | DC12: =IFERROR(INDEX(Assessments!$J$2:$J$600,MATCH($H12&"|"&$I12&"|"&$J12&"|"&7,Assessments!$A$2:$A$600,0)),0) -> 2 | DD12: =IFERROR(INDEX(Assessments!$J$2:$J$600,MATCH($H12&"|"&$I12&"|"&$J12&"|"&8,Assessments!$A$2:$A$600,0)),0) -> 1 | DE12: =IFERROR(INDEX(Assessments!$J$2:$J$600,MATCH($H12&"|"&$I12&"|"&$J12&"|"&9,Assessments!$A$2:$A$600,0)),0) -> 1 | DF12: =IFERROR(INDEX(Assessments!$J$2:$J$600,MATCH($H12&"|"&$I12&"|"&$J12&"|"&10,Assessments!$A$2:$A$600,0)),0) -> 1 | DG12: =IFERROR(INDEX(Assessments!$J$2:$J$600,MATCH($H12&"|"&$I12&"|"&$J12&"|"&11,Assessments!$A$2:$A$600,0)),0) -> 0 | DH12: =IFERROR(INDEX(Assessments!$J$2:$J$600,MATCH($H12&"|"&$I12&"|"&$J12&"|"&12,Assessments!$A$2:$A$600,0)),0) -> 0 | DI12: =IFERROR(INDEX(Assessments!$J$2:$J$600,MATCH($H12&"|"&$I12&"|"&$J12&"|"&13,Assessments!$A$2:$A$600,0)),0) -> 0 | DJ12: =IFERROR(INDEX(Assessments!$J$2:$J$600,MATCH($H12&"|"&$I12&"|"&$J12&"|"&14,Assessments!$A$2:$A$600,0)),0) -> 0 | DK12: =S12 -> 5 | DL12: =W12 -> 5 | DM12: =AA12 -> 5 | DN12: =AE12 -> 6 | DO12: =AI12 -> 6 | DP12: =AM12 -> 6 | DQ12: =AQ12 -> 5 | DR12: =AU12 | DS12: =AY12 | DT12: =BC12 | DU12: =BG12 | DV12: =BK12 | DW12: =BO12 | DX12: =BS12 | DY12: =IF(ISNUMBER(S12),1,"") -> 1 | DZ12: =IF(ISNUMBER(W12),2,"") -> 2 | EA12: =IF(ISNUMBER(AA12),3,"") -> 3 | EB12: =IF(ISNUMBER(AE12),4,"") -> 4 | EC12: =IF(ISNUMBER(AI12),5,"") -> 5 | ED12: =IF(ISNUMBER(AM12),6,"") -> 6 | EE12: =IF(ISNUMBER(AQ12),7,"") -> 7 | EF12: =IF(ISNUMBER(AU12),8,"") | EG12: =IF(ISNUMBER(AY12),9,"") | EH12: =IF(ISNUMBER(BC12),10,"") | EI12: =IF(ISNUMBER(BG12),11,"") | EJ12: =IF(ISNUMBER(BK12),12,"") | EK12: =IF(ISNUMBER(BO12),13,"") | EL12: =IF(ISNUMBER(BS12),14,"") | EM12: =IF(ISNUMBER(R12),R12*CW12,0) -> 60 | EN12: =IF(ISNUMBER(V12),V12*CX12,0) -> 60 | EO12: =IF(ISNUMBER(Z12),Z12*CY12,0) -> 60 | EP12: =IF(ISNUMBER(AD12),AD12*CZ12,0) -> 65 | EQ12: =IF(ISNUMBER(AH12),AH12*DA12,0) -> 65 | ER12: =IF(ISNUMBER(AL12),AL12*DB12,0) -> 125 | ES12: =IF(ISNUMBER(AP12),AP12*DC12,0) -> 112 | ET12: =IF(ISNUMBER(AT12),AT12*DD12,0) -> 0 | EU12: =IF(ISNUMBER(AX12),AX12*DE12,0) -> 0 | EV12: =IF(ISNUMBER(BB12),BB12*DF12,0) -> 0 | EW12: =IF(ISNUMBER(BF12),BF12*DG12,0) -> 0 | EX12: =IF(ISNUMBER(BJ12),BJ12*DH12,0) -> 0 | EY12: =IF(ISNUMBER(BN12),BN12*DI12,0) -> 0 | EZ12: =IF(ISNUMBER(BR12),BR12*DJ12,0) -> 0 | FA12: =IF(ISNUMBER(R12),CW12,0) -> 1 | FB12: =IF(ISNUMBER(V12),CX12,0) -> 1 | FC12: =IF(ISNUMBER(Z12),CY12,0) -> 1 | FD12: =IF(ISNUMBER(AD12),CZ12,0) -> 1 | FE12: =IF(ISNUMBER(AH12),DA12,0) -> 1 | FF12: =IF(ISNUMBER(AL12),DB12,0) -> 2 | FG12: =IF(ISNUMBER(AP12),DC12,0) -> 2 | FH12: =IF(ISNUMBER(AT12),DD12,0) -> 0 | FI12: =IF(ISNUMBER(AX12),DE12,0) -> 0 | FJ12: =IF(ISNUMBER(BB12),DF12,0) -> 0 | FK12: =IF(ISNUMBER(BF12),DG12,0) -> 0 | FL12: =IF(ISNUMBER(BJ12),DH12,0) -> 0 | FM12: =IF(ISNUMBER(BN12),DI12,0) -> 0 | FN12: =IF(ISNUMBER(BR12),DJ12,0) -> 0 | FO12: =IFERROR(INDEX(Lists!$G$2:$G$20,MATCH($I12&"|"&$J12,Lists!$F$2:$F$20,0)),"") -> Geog Overall HL
A13: Anyssa | B13: Bunnag | C13: 12.3 | D13: KEWR | E13: 6.5 | F13: 7 | H13: Grad 2027 | I13: IB Geography | J13: HL | K13: =IF(OR(M13="",$E13=""),"",M13-$E13) -> -0.5 | L13: =IF(SUM(FA13:FN13)=0,"",SUM(EM13:EZ13)/SUM(FA13:FN13)) -> 68.777778 | M13: =IF(OR(L13="",FO13=""),"",IFERROR(MATCH(L13,INDEX(Boundaries!$B$2:$I$30,MATCH(FO13,Boundaries!$A$2:$A$30,0),0),1)-1,"")) -> 6 | N13: =IF(COUNT($DY13:$EL13)<2,"",INDEX($DK13:$DX13,MAX($DY13:$EL13))-INDEX($DK13:$DX13,MIN($DY13:$EL13))) -> -2 | O13: =IF(COUNT($DY13:$EL13)<2,"",INDEX($DK13:$DX13,MAX($DY13:$EL13))-INDEX($DK13:$DX13,LARGE($DY13:$EL13,2))) -> 0 | P13: =IF(K13="","",IF(K13>=0,"On/above target",IF(AND(N13<>"",N13>=0.5),"Improving towards target",IF(AND(O13<>"",O13<=-0.5),"Declining","Stable below target")))) -> Stable below target | Q13: 15 | R13: =IF(OR(Q13="",BU13=""),"",Q13/BU13*100) -> 75 | S13: =IF(R13="","",IFERROR(MATCH(R13,INDEX(Boundaries!$B$2:$I$30,MATCH(CI13,Boundaries!$A$2:$A$30,0),0),1)-1,"")) -> 7 | T13: =IF(OR(S13="",$E13=""),"",S13-$E13) -> 0.5 | U13: 13 | V13: =IF(OR(U13="",BV13=""),"",U13/BV13*100) -> 65 | W13: =IF(V13="","",IFERROR(MATCH(V13,INDEX(Boundaries!$B$2:$I$30,MATCH(CJ13,Boundaries!$A$2:$A$30,0),0),1)-1,"")) -> 6 | X13: =IF(OR(W13="",$E13=""),"",W13-$E13) -> -0.5 | Y13: 17 | Z13: =IF(OR(Y13="",BW13=""),"",Y13/BW13*100) -> 85 | AA13: =IF(Z13="","",IFERROR(MATCH(Z13,INDEX(Boundaries!$B$2:$I$30,MATCH(CK13,Boundaries!$A$2:$A$30,0),0),1)-1,"")) -> 7 | AB13: =IF(OR(AA13="",$E13=""),"",AA13-$E13) -> 0.5 | AC13: 15 | AD13: =IF(OR(AC13="",BX13=""),"",AC13/BX13*100) -> 75 | AE13: =IF(AD13="","",IFERROR(MATCH(AD13,INDEX(Boundaries!$B$2:$I$30,MATCH(CL13,Boundaries!$A$2:$A$30,0),0),1)-1,"")) -> 7 | AF13: =IF(OR(AE13="",$E13=""),"",AE13-$E13) -> 0.5 | AG13: 15 | AH13: =IF(OR(AG13="",BY13=""),"",AG13/BY13*100) -> 75 | AI13: =IF(AH13="","",IFERROR(MATCH(AH13,INDEX(Boundaries!$B$2:$I$30,MATCH(CM13,Boundaries!$A$2:$A$30,0),0),1)-1,"")) -> 7 | AJ13: =IF(OR(AI13="",$E13=""),"",AI13-$E13) -> 0.5 | AK13: 24 | AL13: =IF(OR(AK13="",BZ13=""),"",AK13/BZ13*100) -> 60 | AM13: =IF(AL13="","",IFERROR(MATCH(AL13,INDEX(Boundaries!$B$2:$I$30,MATCH(CN13,Boundaries!$A$2:$A$30,0),0),1)-1,"")) -> 5 | AN13: =IF(OR(AM13="",$E13=""),"",AM13-$E13) -> -1.5 | AO13: 31 | AP13: =IF(OR(AO13="",CA13=""),"",AO13/CA13*100) -> 62 | AQ13: =IF(AP13="","",IFERROR(MATCH(AP13,INDEX(Boundaries!$B$2:$I$30,MATCH(CO13,Boundaries!$A$2:$A$30,0),0),1)-1,"")) -> 5 | AR13: =IF(OR(AQ13="",$E13=""),"",AQ13-$E13) -> -1.5 | AT13: =IF(OR(AS13="",CB13=""),"",AS13/CB13*100) | AU13: =IF(AT13="","",IFERROR(MATCH(AT13,INDEX(Boundaries!$B$2:$I$30,MATCH(CP13,Boundaries!$A$2:$A$30,0),0),1)-1,"")) | AV13: =IF(OR(AU13="",$E13=""),"",AU13-$E13) | AX13: =IF(OR(AW13="",CC13=""),"",AW13/CC13*100) | AY13: =IF(AX13="","",IFERROR(MATCH(AX13,INDEX(Boundaries!$B$2:$I$30,MATCH(CQ13,Boundaries!$A$2:$A$30,0),0),1)-1,"")) | AZ13: =IF(OR(AY13="",$E13=""),"",AY13-$E13) | BB13: =IF(OR(BA13="",CD13=""),"",BA13/CD13*100) | BC13: =IF(BB13="","",IFERROR(MATCH(BB13,INDEX(Boundaries!$B$2:$I$30,MATCH(CR13,Boundaries!$A$2:$A$30,0),0),1)-1,"")) | BD13: =IF(OR(BC13="",$E13=""),"",BC13-$E13) | BF13: =IF(OR(BE13="",CE13=""),"",BE13/CE13*100) | BG13: =IF(BF13="","",IFERROR(MATCH(BF13,INDEX(Boundaries!$B$2:$I$30,MATCH(CS13,Boundaries!$A$2:$A$30,0),0),1)-1,"")) | BH13: =IF(OR(BG13="",$E13=""),"",BG13-$E13) | BJ13: =IF(OR(BI13="",CF13=""),"",BI13/CF13*100) | BK13: =IF(BJ13="","",IFERROR(MATCH(BJ13,INDEX(Boundaries!$B$2:$I$30,MATCH(CT13,Boundaries!$A$2:$A$30,0),0),1)-1,"")) | BL13: =IF(OR(BK13="",$E13=""),"",BK13-$E13) | BN13: =IF(OR(BM13="",CG13=""),"",BM13/CG13*100) | BO13: =IF(BN13="","",IFERROR(MATCH(BN13,INDEX(Boundaries!$B$2:$I$30,MATCH(CU13,Boundaries!$A$2:$A$30,0),0),1)-1,"")) | BP13: =IF(OR(BO13="",$E13=""),"",BO13-$E13) | BR13: =IF(OR(BQ13="",CH13=""),"",BQ13/CH13*100) | BS13: =IF(BR13="","",IFERROR(MATCH(BR13,INDEX(Boundaries!$B$2:$I$30,MATCH(CV13,Boundaries!$A$2:$A$30,0),0),1)-1,"")) | BT13: =IF(OR(BS13="",$E13=""),"",BS13-$E13) | BU13: =IFERROR(INDEX(Assessments!$H$2:$H$600,MATCH($H13&"|"&$I13&"|"&$J13&"|"&1,Assessments!$A$2:$A$600,0)),"") -> 20 | BV13: =IFERROR(INDEX(Assessments!$H$2:$H$600,MATCH($H13&"|"&$I13&"|"&$J13&"|"&2,Assessments!$A$2:$A$600,0)),"") -> 20 | BW13: =IFERROR(INDEX(Assessments!$H$2:$H$600,MATCH($H13&"|"&$I13&"|"&$J13&"|"&3,Assessments!$A$2:$A$600,0)),"") -> 20 | BX13: =IFERROR(INDEX(Assessments!$H$2:$H$600,MATCH($H13&"|"&$I13&"|"&$J13&"|"&4,Assessments!$A$2:$A$600,0)),"") -> 20 | BY13: =IFERROR(INDEX(Assessments!$H$2:$H$600,MATCH($H13&"|"&$I13&"|"&$J13&"|"&5,Assessments!$A$2:$A$600,0)),"") -> 20 | BZ13: =IFERROR(INDEX(Assessments!$H$2:$H$600,MATCH($H13&"|"&$I13&"|"&$J13&"|"&6,Assessments!$A$2:$A$600,0)),"") -> 40 | CA13: =IFERROR(INDEX(Assessments!$H$2:$H$600,MATCH($H13&"|"&$I13&"|"&$J13&"|"&7,Assessments!$A$2:$A$600,0)),"") -> 50 | CB13: =IFERROR(INDEX(Assessments!$H$2:$H$600,MATCH($H13&"|"&$I13&"|"&$J13&"|"&8,Assessments!$A$2:$A$600,0)),"") -> 25 | CC13: =IFERROR(INDEX(Assessments!$H$2:$H$600,MATCH($H13&"|"&$I13&"|"&$J13&"|"&9,Assessments!$A$2:$A$600,0)),"") -> 16 | CD13: =IFERROR(INDEX(Assessments!$H$2:$H$600,MATCH($H13&"|"&$I13&"|"&$J13&"|"&10,Assessments!$A$2:$A$600,0)),"") -> 30 | CE13: =IFERROR(INDEX(Assessments!$H$2:$H$600,MATCH($H13&"|"&$I13&"|"&$J13&"|"&11,Assessments!$A$2:$A$600,0)),"") | CF13: =IFERROR(INDEX(Assessments!$H$2:$H$600,MATCH($H13&"|"&$I13&"|"&$J13&"|"&12,Assessments!$A$2:$A$600,0)),"") | CG13: =IFERROR(INDEX(Assessments!$H$2:$H$600,MATCH($H13&"|"&$I13&"|"&$J13&"|"&13,Assessments!$A$2:$A$600,0)),"") | CH13: =IFERROR(INDEX(Assessments!$H$2:$H$600,MATCH($H13&"|"&$I13&"|"&$J13&"|"&14,Assessments!$A$2:$A$600,0)),"") | CI13: =IFERROR(INDEX(Assessments!$I$2:$I$600,MATCH($H13&"|"&$I13&"|"&$J13&"|"&1,Assessments!$A$2:$A$600,0)),"") -> Geog Paper 1 | CJ13: =IFERROR(INDEX(Assessments!$I$2:$I$600,MATCH($H13&"|"&$I13&"|"&$J13&"|"&2,Assessments!$A$2:$A$600,0)),"") -> Geog Paper 1 | CK13: =IFERROR(INDEX(Assessments!$I$2:$I$600,MATCH($H13&"|"&$I13&"|"&$J13&"|"&3,Assessments!$A$2:$A$600,0)),"") -> Geog Paper 2 | CL13: =IFERROR(INDEX(Assessments!$I$2:$I$600,MATCH($H13&"|"&$I13&"|"&$J13&"|"&4,Assessments!$A$2:$A$600,0)),"") -> Geog Paper 1 | CM13: =IFERROR(INDEX(Assessments!$I$2:$I$600,MATCH($H13&"|"&$I13&"|"&$J13&"|"&5,Assessments!$A$2:$A$600,0)),"") -> Geog Paper 1 | CN13: =IFERROR(INDEX(Assessments!$I$2:$I$600,MATCH($H13&"|"&$I13&"|"&$J13&"|"&6,Assessments!$A$2:$A$600,0)),"") -> Geog Paper 1 | CO13: =IFERROR(INDEX(Assessments!$I$2:$I$600,MATCH($H13&"|"&$I13&"|"&$J13&"|"&7,Assessments!$A$2:$A$600,0)),"") -> Geog Paper 2 | CP13: =IFERROR(INDEX(Assessments!$I$2:$I$600,MATCH($H13&"|"&$I13&"|"&$J13&"|"&8,Assessments!$A$2:$A$600,0)),"") -> Geog Paper 2 | CQ13: =IFERROR(INDEX(Assessments!$I$2:$I$600,MATCH($H13&"|"&$I13&"|"&$J13&"|"&9,Assessments!$A$2:$A$600,0)),"") -> Geog Paper 3 | CR13: =IFERROR(INDEX(Assessments!$I$2:$I$600,MATCH($H13&"|"&$I13&"|"&$J13&"|"&10,Assessments!$A$2:$A$600,0)),"") -> Geog Paper 2 | CS13: =IFERROR(INDEX(Assessments!$I$2:$I$600,MATCH($H13&"|"&$I13&"|"&$J13&"|"&11,Assessments!$A$2:$A$600,0)),"") | CT13: =IFERROR(INDEX(Assessments!$I$2:$I$600,MATCH($H13&"|"&$I13&"|"&$J13&"|"&12,Assessments!$A$2:$A$600,0)),"") | CU13: =IFERROR(INDEX(Assessments!$I$2:$I$600,MATCH($H13&"|"&$I13&"|"&$J13&"|"&13,Assessments!$A$2:$A$600,0)),"") | CV13: =IFERROR(INDEX(Assessments!$I$2:$I$600,MATCH($H13&"|"&$I13&"|"&$J13&"|"&14,Assessments!$A$2:$A$600,0)),"") | CW13: =IFERROR(INDEX(Assessments!$J$2:$J$600,MATCH($H13&"|"&$I13&"|"&$J13&"|"&1,Assessments!$A$2:$A$600,0)),0) -> 1 | CX13: =IFERROR(INDEX(Assessments!$J$2:$J$600,MATCH($H13&"|"&$I13&"|"&$J13&"|"&2,Assessments!$A$2:$A$600,0)),0) -> 1 | CY13: =IFERROR(INDEX(Assessments!$J$2:$J$600,MATCH($H13&"|"&$I13&"|"&$J13&"|"&3,Assessments!$A$2:$A$600,0)),0) -> 1 | CZ13: =IFERROR(INDEX(Assessments!$J$2:$J$600,MATCH($H13&"|"&$I13&"|"&$J13&"|"&4,Assessments!$A$2:$A$600,0)),0) -> 1 | DA13: =IFERROR(INDEX(Assessments!$J$2:$J$600,MATCH($H13&"|"&$I13&"|"&$J13&"|"&5,Assessments!$A$2:$A$600,0)),0) -> 1 | DB13: =IFERROR(INDEX(Assessments!$J$2:$J$600,MATCH($H13&"|"&$I13&"|"&$J13&"|"&6,Assessments!$A$2:$A$600,0)),0) -> 2 | DC13: =IFERROR(INDEX(Assessments!$J$2:$J$600,MATCH($H13&"|"&$I13&"|"&$J13&"|"&7,Assessments!$A$2:$A$600,0)),0) -> 2 | DD13: =IFERROR(INDEX(Assessments!$J$2:$J$600,MATCH($H13&"|"&$I13&"|"&$J13&"|"&8,Assessments!$A$2:$A$600,0)),0) -> 1 | DE13: =IFERROR(INDEX(Assessments!$J$2:$J$600,MATCH($H13&"|"&$I13&"|"&$J13&"|"&9,Assessments!$A$2:$A$600,0)),0) -> 1 | DF13: =IFERROR(INDEX(Assessments!$J$2:$J$600,MATCH($H13&"|"&$I13&"|"&$J13&"|"&10,Assessments!$A$2:$A$600,0)),0) -> 1 | DG13: =IFERROR(INDEX(Assessments!$J$2:$J$600,MATCH($H13&"|"&$I13&"|"&$J13&"|"&11,Assessments!$A$2:$A$600,0)),0) -> 0 | DH13: =IFERROR(INDEX(Assessments!$J$2:$J$600,MATCH($H13&"|"&$I13&"|"&$J13&"|"&12,Assessments!$A$2:$A$600,0)),0) -> 0 | DI13: =IFERROR(INDEX(Assessments!$J$2:$J$600,MATCH($H13&"|"&$I13&"|"&$J13&"|"&13,Assessments!$A$2:$A$600,0)),0) -> 0 | DJ13: =IFERROR(INDEX(Assessments!$J$2:$J$600,MATCH($H13&"|"&$I13&"|"&$J13&"|"&14,Assessments!$A$2:$A$600,0)),0) -> 0 | DK13: =S13 -> 7 | DL13: =W13 -> 6 | DM13: =AA13 -> 7 | DN13: =AE13 -> 7 | DO13: =AI13 -> 7 | DP13: =AM13 -> 5 | DQ13: =AQ13 -> 5 | DR13: =AU13 | DS13: =AY13 | DT13: =BC13 | DU13: =BG13 | DV13: =BK13 | DW13: =BO13 | DX13: =BS13 | DY13: =IF(ISNUMBER(S13),1,"") -> 1 | DZ13: =IF(ISNUMBER(W13),2,"") -> 2 | EA13: =IF(ISNUMBER(AA13),3,"") -> 3 | EB13: =IF(ISNUMBER(AE13),4,"") -> 4 | EC13: =IF(ISNUMBER(AI13),5,"") -> 5 | ED13: =IF(ISNUMBER(AM13),6,"") -> 6 | EE13: =IF(ISNUMBER(AQ13),7,"") -> 7 | EF13: =IF(ISNUMBER(AU13),8,"") | EG13: =IF(ISNUMBER(AY13),9,"") | EH13: =IF(ISNUMBER(BC13),10,"") | EI13: =IF(ISNUMBER(BG13),11,"") | EJ13: =IF(ISNUMBER(BK13),12,"") | EK13: =IF(ISNUMBER(BO13),13,"") | EL13: =IF(ISNUMBER(BS13),14,"") | EM13: =IF(ISNUMBER(R13),R13*CW13,0) -> 75 | EN13: =IF(ISNUMBER(V13),V13*CX13,0) -> 65 | EO13: =IF(ISNUMBER(Z13),Z13*CY13,0) -> 85 | EP13: =IF(ISNUMBER(AD13),AD13*CZ13,0) -> 75 | EQ13: =IF(ISNUMBER(AH13),AH13*DA13,0) -> 75 | ER13: =IF(ISNUMBER(AL13),AL13*DB13,0) -> 120 | ES13: =IF(ISNUMBER(AP13),AP13*DC13,0) -> 124 | ET13: =IF(ISNUMBER(AT13),AT13*DD13,0) -> 0 | EU13: =IF(ISNUMBER(AX13),AX13*DE13,0) -> 0 | EV13: =IF(ISNUMBER(BB13),BB13*DF13,0) -> 0 | EW13: =IF(ISNUMBER(BF13),BF13*DG13,0) -> 0 | EX13: =IF(ISNUMBER(BJ13),BJ13*DH13,0) -> 0 | EY13: =IF(ISNUMBER(BN13),BN13*DI13,0) -> 0 | EZ13: =IF(ISNUMBER(BR13),BR13*DJ13,0) -> 0 | FA13: =IF(ISNUMBER(R13),CW13,0) -> 1 | FB13: =IF(ISNUMBER(V13),CX13,0) -> 1 | FC13: =IF(ISNUMBER(Z13),CY13,0) -> 1 | FD13: =IF(ISNUMBER(AD13),CZ13,0) -> 1 | FE13: =IF(ISNUMBER(AH13),DA13,0) -> 1 | FF13: =IF(ISNUMBER(AL13),DB13,0) -> 2 | FG13: =IF(ISNUMBER(AP13),DC13,0) -> 2 | FH13: =IF(ISNUMBER(AT13),DD13,0) -> 0 | FI13: =IF(ISNUMBER(AX13),DE13,0) -> 0 | FJ13: =IF(ISNUMBER(BB13),DF13,0) -> 0 | FK13: =IF(ISNUMBER(BF13),DG13,0) -> 0 | FL13: =IF(ISNUMBER(BJ13),DH13,0) -> 0 | FM13: =IF(ISNUMBER(BN13),DI13,0) -> 0 | FN13: =IF(ISNUMBER(BR13),DJ13,0) -> 0 | FO13: =IFERROR(INDEX(Lists!$G$2:$G$20,MATCH($I13&"|"&$J13,Lists!$F$2:$F$20,0)),"") -> Geog Overall HL
A14: Penelope | B14: Dever | C14: 12.3 | D14: KEWR | E14: 5.9 | F14: 6 | H14: Grad 2027 | I14: IB Geography | J14: HL | K14: =IF(OR(M14="",$E14=""),"",M14-$E14) -> 0.1 | L14: =IF(SUM(FA14:FN14)=0,"",SUM(EM14:EZ14)/SUM(FA14:FN14)) -> 68.222222 | M14: =IF(OR(L14="",FO14=""),"",IFERROR(MATCH(L14,INDEX(Boundaries!$B$2:$I$30,MATCH(FO14,Boundaries!$A$2:$A$30,0),0),1)-1,"")) -> 6 | N14: =IF(COUNT($DY14:$EL14)<2,"",INDEX($DK14:$DX14,MAX($DY14:$EL14))-INDEX($DK14:$DX14,MIN($DY14:$EL14))) -> -3 | O14: =IF(COUNT($DY14:$EL14)<2,"",INDEX($DK14:$DX14,MAX($DY14:$EL14))-INDEX($DK14:$DX14,LARGE($DY14:$EL14,2))) -> -1 | P14: =IF(K14="","",IF(K14>=0,"On/above target",IF(AND(N14<>"",N14>=0.5),"Improving towards target",IF(AND(O14<>"",O14<=-0.5),"Declining","Stable below target")))) -> On/above target | Q14: 19 | R14: =IF(OR(Q14="",BU14=""),"",Q14/BU14*100) -> 95 | S14: =IF(R14="","",IFERROR(MATCH(R14,INDEX(Boundaries!$B$2:$I$30,MATCH(CI14,Boundaries!$A$2:$A$30,0),0),1)-1,"")) -> 7 | T14: =IF(OR(S14="",$E14=""),"",S14-$E14) -> 1.1 | U14: 15 | V14: =IF(OR(U14="",BV14=""),"",U14/BV14*100) -> 75 | W14: =IF(V14="","",IFERROR(MATCH(V14,INDEX(Boundaries!$B$2:$I$30,MATCH(CJ14,Boundaries!$A$2:$A$30,0),0),1)-1,"")) -> 7 | X14: =IF(OR(W14="",$E14=""),"",W14-$E14) -> 1.1 | Y14: 14 | Z14: =IF(OR(Y14="",BW14=""),"",Y14/BW14*100) -> 70 | AA14: =IF(Z14="","",IFERROR(MATCH(Z14,INDEX(Boundaries!$B$2:$I$30,MATCH(CK14,Boundaries!$A$2:$A$30,0),0),1)-1,"")) -> 6 | AB14: =IF(OR(AA14="",$E14=""),"",AA14-$E14) -> 0.1 | AC14: 14 | AD14: =IF(OR(AC14="",BX14=""),"",AC14/BX14*100) -> 70 | AE14: =IF(AD14="","",IFERROR(MATCH(AD14,INDEX(Boundaries!$B$2:$I$30,MATCH(CL14,Boundaries!$A$2:$A$30,0),0),1)-1,"")) -> 6 | AF14: =IF(OR(AE14="",$E14=""),"",AE14-$E14) -> 0.1 | AG14: 16 | AH14: =IF(OR(AG14="",BY14=""),"",AG14/BY14*100) -> 80 | AI14: =IF(AH14="","",IFERROR(MATCH(AH14,INDEX(Boundaries!$B$2:$I$30,MATCH(CM14,Boundaries!$A$2:$A$30,0),0),1)-1,"")) -> 7 | AJ14: =IF(OR(AI14="",$E14=""),"",AI14-$E14) -> 1.1 | AK14: 24 | AL14: =IF(OR(AK14="",BZ14=""),"",AK14/BZ14*100) -> 60 | AM14: =IF(AL14="","",IFERROR(MATCH(AL14,INDEX(Boundaries!$B$2:$I$30,MATCH(CN14,Boundaries!$A$2:$A$30,0),0),1)-1,"")) -> 5 | AN14: =IF(OR(AM14="",$E14=""),"",AM14-$E14) -> -0.9 | AO14: 26 | AP14: =IF(OR(AO14="",CA14=""),"",AO14/CA14*100) -> 52 | AQ14: =IF(AP14="","",IFERROR(MATCH(AP14,INDEX(Boundaries!$B$2:$I$30,MATCH(CO14,Boundaries!$A$2:$A$30,0),0),1)-1,"")) -> 4 | AR14: =IF(OR(AQ14="",$E14=""),"",AQ14-$E14) -> -1.9 | AT14: =IF(OR(AS14="",CB14=""),"",AS14/CB14*100) | AU14: =IF(AT14="","",IFERROR(MATCH(AT14,INDEX(Boundaries!$B$2:$I$30,MATCH(CP14,Boundaries!$A$2:$A$30,0),0),1)-1,"")) | AV14: =IF(OR(AU14="",$E14=""),"",AU14-$E14) | AX14: =IF(OR(AW14="",CC14=""),"",AW14/CC14*100) | AY14: =IF(AX14="","",IFERROR(MATCH(AX14,INDEX(Boundaries!$B$2:$I$30,MATCH(CQ14,Boundaries!$A$2:$A$30,0),0),1)-1,"")) | AZ14: =IF(OR(AY14="",$E14=""),"",AY14-$E14) | BB14: =IF(OR(BA14="",CD14=""),"",BA14/CD14*100) | BC14: =IF(BB14="","",IFERROR(MATCH(BB14,INDEX(Boundaries!$B$2:$I$30,MATCH(CR14,Boundaries!$A$2:$A$30,0),0),1)-1,"")) | BD14: =IF(OR(BC14="",$E14=""),"",BC14-$E14) | BF14: =IF(OR(BE14="",CE14=""),"",BE14/CE14*100) | BG14: =IF(BF14="","",IFERROR(MATCH(BF14,INDEX(Boundaries!$B$2:$I$30,MATCH(CS14,Boundaries!$A$2:$A$30,0),0),1)-1,"")) | BH14: =IF(OR(BG14="",$E14=""),"",BG14-$E14) | BJ14: =IF(OR(BI14="",CF14=""),"",BI14/CF14*100) | BK14: =IF(BJ14="","",IFERROR(MATCH(BJ14,INDEX(Boundaries!$B$2:$I$30,MATCH(CT14,Boundaries!$A$2:$A$30,0),0),1)-1,"")) | BL14: =IF(OR(BK14="",$E14=""),"",BK14-$E14) | BN14: =IF(OR(BM14="",CG14=""),"",BM14/CG14*100) | BO14: =IF(BN14="","",IFERROR(MATCH(BN14,INDEX(Boundaries!$B$2:$I$30,MATCH(CU14,Boundaries!$A$2:$A$30,0),0),1)-1,"")) | BP14: =IF(OR(BO14="",$E14=""),"",BO14-$E14) | BR14: =IF(OR(BQ14="",CH14=""),"",BQ14/CH14*100) | BS14: =IF(BR14="","",IFERROR(MATCH(BR14,INDEX(Boundaries!$B$2:$I$30,MATCH(CV14,Boundaries!$A$2:$A$30,0),0),1)-1,"")) | BT14: =IF(OR(BS14="",$E14=""),"",BS14-$E14) | BU14: =IFERROR(INDEX(Assessments!$H$2:$H$600,MATCH($H14&"|"&$I14&"|"&$J14&"|"&1,Assessments!$A$2:$A$600,0)),"") -> 20 | BV14: =IFERROR(INDEX(Assessments!$H$2:$H$600,MATCH($H14&"|"&$I14&"|"&$J14&"|"&2,Assessments!$A$2:$A$600,0)),"") -> 20 | BW14: =IFERROR(INDEX(Assessments!$H$2:$H$600,MATCH($H14&"|"&$I14&"|"&$J14&"|"&3,Assessments!$A$2:$A$600,0)),"") -> 20 | BX14: =IFERROR(INDEX(Assessments!$H$2:$H$600,MATCH($H14&"|"&$I14&"|"&$J14&"|"&4,Assessments!$A$2:$A$600,0)),"") -> 20 | BY14: =IFERROR(INDEX(Assessments!$H$2:$H$600,MATCH($H14&"|"&$I14&"|"&$J14&"|"&5,Assessments!$A$2:$A$600,0)),"") -> 20 | BZ14: =IFERROR(INDEX(Assessments!$H$2:$H$600,MATCH($H14&"|"&$I14&"|"&$J14&"|"&6,Assessments!$A$2:$A$600,0)),"") -> 40 | CA14: =IFERROR(INDEX(Assessments!$H$2:$H$600,MATCH($H14&"|"&$I14&"|"&$J14&"|"&7,Assessments!$A$2:$A$600,0)),"") -> 50 | CB14: =IFERROR(INDEX(Assessments!$H$2:$H$600,MATCH($H14&"|"&$I14&"|"&$J14&"|"&8,Assessments!$A$2:$A$600,0)),"") -> 25 | CC14: =IFERROR(INDEX(Assessments!$H$2:$H$600,MATCH($H14&"|"&$I14&"|"&$J14&"|"&9,Assessments!$A$2:$A$600,0)),"") -> 16 | CD14: =IFERROR(INDEX(Assessments!$H$2:$H$600,MATCH($H14&"|"&$I14&"|"&$J14&"|"&10,Assessments!$A$2:$A$600,0)),"") -> 30 | CE14: =IFERROR(INDEX(Assessments!$H$2:$H$600,MATCH($H14&"|"&$I14&"|"&$J14&"|"&11,Assessments!$A$2:$A$600,0)),"") | CF14: =IFERROR(INDEX(Assessments!$H$2:$H$600,MATCH($H14&"|"&$I14&"|"&$J14&"|"&12,Assessments!$A$2:$A$600,0)),"") | CG14: =IFERROR(INDEX(Assessments!$H$2:$H$600,MATCH($H14&"|"&$I14&"|"&$J14&"|"&13,Assessments!$A$2:$A$600,0)),"") | CH14: =IFERROR(INDEX(Assessments!$H$2:$H$600,MATCH($H14&"|"&$I14&"|"&$J14&"|"&14,Assessments!$A$2:$A$600,0)),"") | CI14: =IFERROR(INDEX(Assessments!$I$2:$I$600,MATCH($H14&"|"&$I14&"|"&$J14&"|"&1,Assessments!$A$2:$A$600,0)),"") -> Geog Paper 1 | CJ14: =IFERROR(INDEX(Assessments!$I$2:$I$600,MATCH($H14&"|"&$I14&"|"&$J14&"|"&2,Assessments!$A$2:$A$600,0)),"") -> Geog Paper 1 | CK14: =IFERROR(INDEX(Assessments!$I$2:$I$600,MATCH($H14&"|"&$I14&"|"&$J14&"|"&3,Assessments!$A$2:$A$600,0)),"") -> Geog Paper 2 | CL14: =IFERROR(INDEX(Assessments!$I$2:$I$600,MATCH($H14&"|"&$I14&"|"&$J14&"|"&4,Assessments!$A$2:$A$600,0)),"") -> Geog Paper 1 | CM14: =IFERROR(INDEX(Assessments!$I$2:$I$600,MATCH($H14&"|"&$I14&"|"&$J14&"|"&5,Assessments!$A$2:$A$600,0)),"") -> Geog Paper 1 | CN14: =IFERROR(INDEX(Assessments!$I$2:$I$600,MATCH($H14&"|"&$I14&"|"&$J14&"|"&6,Assessments!$A$2:$A$600,0)),"") -> Geog Paper 1 | CO14: =IFERROR(INDEX(Assessments!$I$2:$I$600,MATCH($H14&"|"&$I14&"|"&$J14&"|"&7,Assessments!$A$2:$A$600,0)),"") -> Geog Paper 2 | CP14: =IFERROR(INDEX(Assessments!$I$2:$I$600,MATCH($H14&"|"&$I14&"|"&$J14&"|"&8,Assessments!$A$2:$A$600,0)),"") -> Geog Paper 2 | CQ14: =IFERROR(INDEX(Assessments!$I$2:$I$600,MATCH($H14&"|"&$I14&"|"&$J14&"|"&9,Assessments!$A$2:$A$600,0)),"") -> Geog Paper 3 | CR14: =IFERROR(INDEX(Assessments!$I$2:$I$600,MATCH($H14&"|"&$I14&"|"&$J14&"|"&10,Assessments!$A$2:$A$600,0)),"") -> Geog Paper 2 | CS14: =IFERROR(INDEX(Assessments!$I$2:$I$600,MATCH($H14&"|"&$I14&"|"&$J14&"|"&11,Assessments!$A$2:$A$600,0)),"") | CT14: =IFERROR(INDEX(Assessments!$I$2:$I$600,MATCH($H14&"|"&$I14&"|"&$J14&"|"&12,Assessments!$A$2:$A$600,0)),"") | CU14: =IFERROR(INDEX(Assessments!$I$2:$I$600,MATCH($H14&"|"&$I14&"|"&$J14&"|"&13,Assessments!$A$2:$A$600,0)),"") | CV14: =IFERROR(INDEX(Assessments!$I$2:$I$600,MATCH($H14&"|"&$I14&"|"&$J14&"|"&14,Assessments!$A$2:$A$600,0)),"") | CW14: =IFERROR(INDEX(Assessments!$J$2:$J$600,MATCH($H14&"|"&$I14&"|"&$J14&"|"&1,Assessments!$A$2:$A$600,0)),0) -> 1 | CX14: =IFERROR(INDEX(Assessments!$J$2:$J$600,MATCH($H14&"|"&$I14&"|"&$J14&"|"&2,Assessments!$A$2:$A$600,0)),0) -> 1 | CY14: =IFERROR(INDEX(Assessments!$J$2:$J$600,MATCH($H14&"|"&$I14&"|"&$J14&"|"&3,Assessments!$A$2:$A$600,0)),0) -> 1 | CZ14: =IFERROR(INDEX(Assessments!$J$2:$J$600,MATCH($H14&"|"&$I14&"|"&$J14&"|"&4,Assessments!$A$2:$A$600,0)),0) -> 1 | DA14: =IFERROR(INDEX(Assessments!$J$2:$J$600,MATCH($H14&"|"&$I14&"|"&$J14&"|"&5,Assessments!$A$2:$A$600,0)),0) -> 1 | DB14: =IFERROR(INDEX(Assessments!$J$2:$J$600,MATCH($H14&"|"&$I14&"|"&$J14&"|"&6,Assessments!$A$2:$A$600,0)),0) -> 2 | DC14: =IFERROR(INDEX(Assessments!$J$2:$J$600,MATCH($H14&"|"&$I14&"|"&$J14&"|"&7,Assessments!$A$2:$A$600,0)),0) -> 2 | DD14: =IFERROR(INDEX(Assessments!$J$2:$J$600,MATCH($H14&"|"&$I14&"|"&$J14&"|"&8,Assessments!$A$2:$A$600,0)),0) -> 1 | DE14: =IFERROR(INDEX(Assessments!$J$2:$J$600,MATCH($H14&"|"&$I14&"|"&$J14&"|"&9,Assessments!$A$2:$A$600,0)),0) -> 1 | DF14: =IFERROR(INDEX(Assessments!$J$2:$J$600,MATCH($H14&"|"&$I14&"|"&$J14&"|"&10,Assessments!$A$2:$A$600,0)),0) -> 1 | DG14: =IFERROR(INDEX(Assessments!$J$2:$J$600,MATCH($H14&"|"&$I14&"|"&$J14&"|"&11,Assessments!$A$2:$A$600,0)),0) -> 0 | DH14: =IFERROR(INDEX(Assessments!$J$2:$J$600,MATCH($H14&"|"&$I14&"|"&$J14&"|"&12,Assessments!$A$2:$A$600,0)),0) -> 0 | DI14: =IFERROR(INDEX(Assessments!$J$2:$J$600,MATCH($H14&"|"&$I14&"|"&$J14&"|"&13,Assessments!$A$2:$A$600,0)),0) -> 0 | DJ14: =IFERROR(INDEX(Assessments!$J$2:$J$600,MATCH($H14&"|"&$I14&"|"&$J14&"|"&14,Assessments!$A$2:$A$600,0)),0) -> 0 | DK14: =S14 -> 7 | DL14: =W14 -> 7 | DM14: =AA14 -> 6 | DN14: =AE14 -> 6 | DO14: =AI14 -> 7 | DP14: =AM14 -> 5 | DQ14: =AQ14 -> 4 | DR14: =AU14 | DS14: =AY14 | DT14: =BC14 | DU14: =BG14 | DV14: =BK14 | DW14: =BO14 | DX14: =BS14 | DY14: =IF(ISNUMBER(S14),1,"") -> 1 | DZ14: =IF(ISNUMBER(W14),2,"") -> 2 | EA14: =IF(ISNUMBER(AA14),3,"") -> 3 | EB14: =IF(ISNUMBER(AE14),4,"") -> 4 | EC14: =IF(ISNUMBER(AI14),5,"") -> 5 | ED14: =IF(ISNUMBER(AM14),6,"") -> 6 | EE14: =IF(ISNUMBER(AQ14),7,"") -> 7 | EF14: =IF(ISNUMBER(AU14),8,"") | EG14: =IF(ISNUMBER(AY14),9,"") | EH14: =IF(ISNUMBER(BC14),10,"") | EI14: =IF(ISNUMBER(BG14),11,"") | EJ14: =IF(ISNUMBER(BK14),12,"") | EK14: =IF(ISNUMBER(BO14),13,"") | EL14: =IF(ISNUMBER(BS14),14,"") | EM14: =IF(ISNUMBER(R14),R14*CW14,0) -> 95 | EN14: =IF(ISNUMBER(V14),V14*CX14,0) -> 75 | EO14: =IF(ISNUMBER(Z14),Z14*CY14,0) -> 70 | EP14: =IF(ISNUMBER(AD14),AD14*CZ14,0) -> 70 | EQ14: =IF(ISNUMBER(AH14),AH14*DA14,0) -> 80 | ER14: =IF(ISNUMBER(AL14),AL14*DB14,0) -> 120 | ES14: =IF(ISNUMBER(AP14),AP14*DC14,0) -> 104 | ET14: =IF(ISNUMBER(AT14),AT14*DD14,0) -> 0 | EU14: =IF(ISNUMBER(AX14),AX14*DE14,0) -> 0 | EV14: =IF(ISNUMBER(BB14),BB14*DF14,0) -> 0 | EW14: =IF(ISNUMBER(BF14),BF14*DG14,0) -> 0 | EX14: =IF(ISNUMBER(BJ14),BJ14*DH14,0) -> 0 | EY14: =IF(ISNUMBER(BN14),BN14*DI14,0) -> 0 | EZ14: =IF(ISNUMBER(BR14),BR14*DJ14,0) -> 0 | FA14: =IF(ISNUMBER(R14),CW14,0) -> 1 | FB14: =IF(ISNUMBER(V14),CX14,0) -> 1 | FC14: =IF(ISNUMBER(Z14),CY14,0) -> 1 | FD14: =IF(ISNUMBER(AD14),CZ14,0) -> 1 | FE14: =IF(ISNUMBER(AH14),DA14,0) -> 1 | FF14: =IF(ISNUMBER(AL14),DB14,0) -> 2 | FG14: =IF(ISNUMBER(AP14),DC14,0) -> 2 | FH14: =IF(ISNUMBER(AT14),DD14,0) -> 0 | FI14: =IF(ISNUMBER(AX14),DE14,0) -> 0 | FJ14: =IF(ISNUMBER(BB14),DF14,0) -> 0 | FK14: =IF(ISNUMBER(BF14),DG14,0) -> 0 | FL14: =IF(ISNUMBER(BJ14),DH14,0) -> 0 | FM14: =IF(ISNUMBER(BN14),DI14,0) -> 0 | FN14: =IF(ISNUMBER(BR14),DJ14,0) -> 0 | FO14: =IFERROR(INDEX(Lists!$G$2:$G$20,MATCH($I14&"|"&$J14,Lists!$F$2:$F$20,0)),"") -> Geog Overall HL
A15: David | B15: Gschliesser | C15: 12.3 | D15: KEWR | E15: 5.1 | F15: 5 | G15: Y | H15: Grad 2027 | I15: IB Geography | J15: HL | K15: =IF(OR(M15="",$E15=""),"",M15-$E15) -> -1.1 | L15: =IF(SUM(FA15:FN15)=0,"",SUM(EM15:EZ15)/SUM(FA15:FN15)) -> 48.444444 | M15: =IF(OR(L15="",FO15=""),"",IFERROR(MATCH(L15,INDEX(Boundaries!$B$2:$I$30,MATCH(FO15,Boundaries!$A$2:$A$30,0),0),1)-1,"")) -> 4 | N15: =IF(COUNT($DY15:$EL15)<2,"",INDEX($DK15:$DX15,MAX($DY15:$EL15))-INDEX($DK15:$DX15,MIN($DY15:$EL15))) -> -1 | O15: =IF(COUNT($DY15:$EL15)<2,"",INDEX($DK15:$DX15,MAX($DY15:$EL15))-INDEX($DK15:$DX15,LARGE($DY15:$EL15,2))) -> -1 | P15: =IF(K15="","",IF(K15>=0,"On/above target",IF(AND(N15<>"",N15>=0.5),"Improving towards target",IF(AND(O15<>"",O15<=-0.5),"Declining","Stable below target")))) -> Declining | Q15: 9 | R15: =IF(OR(Q15="",BU15=""),"",Q15/BU15*100) -> 45 | S15: =IF(R15="","",IFERROR(MATCH(R15,INDEX(Boundaries!$B$2:$I$30,MATCH(CI15,Boundaries!$A$2:$A$30,0),0),1)-1,"")) -> 4 | T15: =IF(OR(S15="",$E15=""),"",S15-$E15) -> -1.1 | U15: 13 | V15: =IF(OR(U15="",BV15=""),"",U15/BV15*100) -> 65 | W15: =IF(V15="","",IFERROR(MATCH(V15,INDEX(Boundaries!$B$2:$I$30,MATCH(CJ15,Boundaries!$A$2:$A$30,0),0),1)-1,"")) -> 6 | X15: =IF(OR(W15="",$E15=""),"",W15-$E15) -> 0.9 | Y15: 12 | Z15: =IF(OR(Y15="",BW15=""),"",Y15/BW15*100) -> 60 | AA15: =IF(Z15="","",IFERROR(MATCH(Z15,INDEX(Boundaries!$B$2:$I$30,MATCH(CK15,Boundaries!$A$2:$A$30,0),0),1)-1,"")) -> 5 | AB15: =IF(OR(AA15="",$E15=""),"",AA15-$E15) -> -0.1 | AC15: 8 | AD15: =IF(OR(AC15="",BX15=""),"",AC15/BX15*100) -> 40 | AE15: =IF(AD15="","",IFERROR(MATCH(AD15,INDEX(Boundaries!$B$2:$I$30,MATCH(CL15,Boundaries!$A$2:$A$30,0),0),1)-1,"")) -> 3 | AF15: =IF(OR(AE15="",$E15=""),"",AE15-$E15) -> -2.1 | AG15: 11 | AH15: =IF(OR(AG15="",BY15=""),"",AG15/BY15*100) -> 55 | AI15: =IF(AH15="","",IFERROR(MATCH(AH15,INDEX(Boundaries!$B$2:$I$30,MATCH(CM15,Boundaries!$A$2:$A$30,0),0),1)-1,"")) -> 5 | AJ15: =IF(OR(AI15="",$E15=""),"",AI15-$E15) -> -0.1 | AK15: 19 | AL15: =IF(OR(AK15="",BZ15=""),"",AK15/BZ15*100) -> 47.5 | AM15: =IF(AL15="","",IFERROR(MATCH(AL15,INDEX(Boundaries!$B$2:$I$30,MATCH(CN15,Boundaries!$A$2:$A$30,0),0),1)-1,"")) -> 4 | AN15: =IF(OR(AM15="",$E15=""),"",AM15-$E15) -> -1.1 | AO15: 19 | AP15: =IF(OR(AO15="",CA15=""),"",AO15/CA15*100) -> 38 | AQ15: =IF(AP15="","",IFERROR(MATCH(AP15,INDEX(Boundaries!$B$2:$I$30,MATCH(CO15,Boundaries!$A$2:$A$30,0),0),1)-1,"")) -> 3 | AR15: =IF(OR(AQ15="",$E15=""),"",AQ15-$E15) -> -2.1 | AT15: =IF(OR(AS15="",CB15=""),"",AS15/CB15*100) | AU15: =IF(AT15="","",IFERROR(MATCH(AT15,INDEX(Boundaries!$B$2:$I$30,MATCH(CP15,Boundaries!$A$2:$A$30,0),0),1)-1,"")) | AV15: =IF(OR(AU15="",$E15=""),"",AU15-$E15) | AX15: =IF(OR(AW15="",CC15=""),"",AW15/CC15*100) | AY15: =IF(AX15="","",IFERROR(MATCH(AX15,INDEX(Boundaries!$B$2:$I$30,MATCH(CQ15,Boundaries!$A$2:$A$30,0),0),1)-1,"")) | AZ15: =IF(OR(AY15="",$E15=""),"",AY15-$E15) | BB15: =IF(OR(BA15="",CD15=""),"",BA15/CD15*100) | BC15: =IF(BB15="","",IFERROR(MATCH(BB15,INDEX(Boundaries!$B$2:$I$30,MATCH(CR15,Boundaries!$A$2:$A$30,0),0),1)-1,"")) | BD15: =IF(OR(BC15="",$E15=""),"",BC15-$E15) | BF15: =IF(OR(BE15="",CE15=""),"",BE15/CE15*100) | BG15: =IF(BF15="","",IFERROR(MATCH(BF15,INDEX(Boundaries!$B$2:$I$30,MATCH(CS15,Boundaries!$A$2:$A$30,0),0),1)-1,"")) | BH15: =IF(OR(BG15="",$E15=""),"",BG15-$E15) | BJ15: =IF(OR(BI15="",CF15=""),"",BI15/CF15*100) | BK15: =IF(BJ15="","",IFERROR(MATCH(BJ15,INDEX(Boundaries!$B$2:$I$30,MATCH(CT15,Boundaries!$A$2:$A$30,0),0),1)-1,"")) | BL15: =IF(OR(BK15="",$E15=""),"",BK15-$E15) | BN15: =IF(OR(BM15="",CG15=""),"",BM15/CG15*100) | BO15: =IF(BN15="","",IFERROR(MATCH(BN15,INDEX(Boundaries!$B$2:$I$30,MATCH(CU15,Boundaries!$A$2:$A$30,0),0),1)-1,"")) | BP15: =IF(OR(BO15="",$E15=""),"",BO15-$E15) | BR15: =IF(OR(BQ15="",CH15=""),"",BQ15/CH15*100) | BS15: =IF(BR15="","",IFERROR(MATCH(BR15,INDEX(Boundaries!$B$2:$I$30,MATCH(CV15,Boundaries!$A$2:$A$30,0),0),1)-1,"")) | BT15: =IF(OR(BS15="",$E15=""),"",BS15-$E15) | BU15: =IFERROR(INDEX(Assessments!$H$2:$H$600,MATCH($H15&"|"&$I15&"|"&$J15&"|"&1,Assessments!$A$2:$A$600,0)),"") -> 20 | BV15: =IFERROR(INDEX(Assessments!$H$2:$H$600,MATCH($H15&"|"&$I15&"|"&$J15&"|"&2,Assessments!$A$2:$A$600,0)),"") -> 20 | BW15: =IFERROR(INDEX(Assessments!$H$2:$H$600,MATCH($H15&"|"&$I15&"|"&$J15&"|"&3,Assessments!$A$2:$A$600,0)),"") -> 20 | BX15: =IFERROR(INDEX(Assessments!$H$2:$H$600,MATCH($H15&"|"&$I15&"|"&$J15&"|"&4,Assessments!$A$2:$A$600,0)),"") -> 20 | BY15: =IFERROR(INDEX(Assessments!$H$2:$H$600,MATCH($H15&"|"&$I15&"|"&$J15&"|"&5,Assessments!$A$2:$A$600,0)),"") -> 20 | BZ15: =IFERROR(INDEX(Assessments!$H$2:$H$600,MATCH($H15&"|"&$I15&"|"&$J15&"|"&6,Assessments!$A$2:$A$600,0)),"") -> 40 | CA15: =IFERROR(INDEX(Assessments!$H$2:$H$600,MATCH($H15&"|"&$I15&"|"&$J15&"|"&7,Assessments!$A$2:$A$600,0)),"") -> 50 | CB15: =IFERROR(INDEX(Assessments!$H$2:$H$600,MATCH($H15&"|"&$I15&"|"&$J15&"|"&8,Assessments!$A$2:$A$600,0)),"") -> 25 | CC15: =IFERROR(INDEX(Assessments!$H$2:$H$600,MATCH($H15&"|"&$I15&"|"&$J15&"|"&9,Assessments!$A$2:$A$600,0)),"") -> 16 | CD15: =IFERROR(INDEX(Assessments!$H$2:$H$600,MATCH($H15&"|"&$I15&"|"&$J15&"|"&10,Assessments!$A$2:$A$600,0)),"") -> 30 | CE15: =IFERROR(INDEX(Assessments!$H$2:$H$600,MATCH($H15&"|"&$I15&"|"&$J15&"|"&11,Assessments!$A$2:$A$600,0)),"") | CF15: =IFERROR(INDEX(Assessments!$H$2:$H$600,MATCH($H15&"|"&$I15&"|"&$J15&"|"&12,Assessments!$A$2:$A$600,0)),"") | CG15: =IFERROR(INDEX(Assessments!$H$2:$H$600,MATCH($H15&"|"&$I15&"|"&$J15&"|"&13,Assessments!$A$2:$A$600,0)),"") | CH15: =IFERROR(INDEX(Assessments!$H$2:$H$600,MATCH($H15&"|"&$I15&"|"&$J15&"|"&14,Assessments!$A$2:$A$600,0)),"") | CI15: =IFERROR(INDEX(Assessments!$I$2:$I$600,MATCH($H15&"|"&$I15&"|"&$J15&"|"&1,Assessments!$A$2:$A$600,0)),"") -> Geog Paper 1 | CJ15: =IFERROR(INDEX(Assessments!$I$2:$I$600,MATCH($H15&"|"&$I15&"|"&$J15&"|"&2,Assessments!$A$2:$A$600,0)),"") -> Geog Paper 1 | CK15: =IFERROR(INDEX(Assessments!$I$2:$I$600,MATCH($H15&"|"&$I15&"|"&$J15&"|"&3,Assessments!$A$2:$A$600,0)),"") -> Geog Paper 2 | CL15: =IFERROR(INDEX(Assessments!$I$2:$I$600,MATCH($H15&"|"&$I15&"|"&$J15&"|"&4,Assessments!$A$2:$A$600,0)),"") -> Geog Paper 1 | CM15: =IFERROR(INDEX(Assessments!$I$2:$I$600,MATCH($H15&"|"&$I15&"|"&$J15&"|"&5,Assessments!$A$2:$A$600,0)),"") -> Geog Paper 1 | CN15: =IFERROR(INDEX(Assessments!$I$2:$I$600,MATCH($H15&"|"&$I15&"|"&$J15&"|"&6,Assessments!$A$2:$A$600,0)),"") -> Geog Paper 1 | CO15: =IFERROR(INDEX(Assessments!$I$2:$I$600,MATCH($H15&"|"&$I15&"|"&$J15&"|"&7,Assessments!$A$2:$A$600,0)),"") -> Geog Paper 2 | CP15: =IFERROR(INDEX(Assessments!$I$2:$I$600,MATCH($H15&"|"&$I15&"|"&$J15&"|"&8,Assessments!$A$2:$A$600,0)),"") -> Geog Paper 2 | CQ15: =IFERROR(INDEX(Assessments!$I$2:$I$600,MATCH($H15&"|"&$I15&"|"&$J15&"|"&9,Assessments!$A$2:$A$600,0)),"") -> Geog Paper 3 | CR15: =IFERROR(INDEX(Assessments!$I$2:$I$600,MATCH($H15&"|"&$I15&"|"&$J15&"|"&10,Assessments!$A$2:$A$600,0)),"") -> Geog Paper 2 | CS15: =IFERROR(INDEX(Assessments!$I$2:$I$600,MATCH($H15&"|"&$I15&"|"&$J15&"|"&11,Assessments!$A$2:$A$600,0)),"") | CT15: =IFERROR(INDEX(Assessments!$I$2:$I$600,MATCH($H15&"|"&$I15&"|"&$J15&"|"&12,Assessments!$A$2:$A$600,0)),"") | CU15: =IFERROR(INDEX(Assessments!$I$2:$I$600,MATCH($H15&"|"&$I15&"|"&$J15&"|"&13,Assessments!$A$2:$A$600,0)),"") | CV15: =IFERROR(INDEX(Assessments!$I$2:$I$600,MATCH($H15&"|"&$I15&"|"&$J15&"|"&14,Assessments!$A$2:$A$600,0)),"") | CW15: =IFERROR(INDEX(Assessments!$J$2:$J$600,MATCH($H15&"|"&$I15&"|"&$J15&"|"&1,Assessments!$A$2:$A$600,0)),0) -> 1 | CX15: =IFERROR(INDEX(Assessments!$J$2:$J$600,MATCH($H15&"|"&$I15&"|"&$J15&"|"&2,Assessments!$A$2:$A$600,0)),0) -> 1 | CY15: =IFERROR(INDEX(Assessments!$J$2:$J$600,MATCH($H15&"|"&$I15&"|"&$J15&"|"&3,Assessments!$A$2:$A$600,0)),0) -> 1 | CZ15: =IFERROR(INDEX(Assessments!$J$2:$J$600,MATCH($H15&"|"&$I15&"|"&$J15&"|"&4,Assessments!$A$2:$A$600,0)),0) -> 1 | DA15: =IFERROR(INDEX(Assessments!$J$2:$J$600,MATCH($H15&"|"&$I15&"|"&$J15&"|"&5,Assessments!$A$2:$A$600,0)),0) -> 1 | DB15: =IFERROR(INDEX(Assessments!$J$2:$J$600,MATCH($H15&"|"&$I15&"|"&$J15&"|"&6,Assessments!$A$2:$A$600,0)),0) -> 2 | DC15: =IFERROR(INDEX(Assessments!$J$2:$J$600,MATCH($H15&"|"&$I15&"|"&$J15&"|"&7,Assessments!$A$2:$A$600,0)),0) -> 2 | DD15: =IFERROR(INDEX(Assessments!$J$2:$J$600,MATCH($H15&"|"&$I15&"|"&$J15&"|"&8,Assessments!$A$2:$A$600,0)),0) -> 1 | DE15: =IFERROR(INDEX(Assessments!$J$2:$J$600,MATCH($H15&"|"&$I15&"|"&$J15&"|"&9,Assessments!$A$2:$A$600,0)),0) -> 1 | DF15: =IFERROR(INDEX(Assessments!$J$2:$J$600,MATCH($H15&"|"&$I15&"|"&$J15&"|"&10,Assessments!$A$2:$A$600,0)),0) -> 1 | DG15: =IFERROR(INDEX(Assessments!$J$2:$J$600,MATCH($H15&"|"&$I15&"|"&$J15&"|"&11,Assessments!$A$2:$A$600,0)),0) -> 0 | DH15: =IFERROR(INDEX(Assessments!$J$2:$J$600,MATCH($H15&"|"&$I15&"|"&$J15&"|"&12,Assessments!$A$2:$A$600,0)),0) -> 0 | DI15: =IFERROR(INDEX(Assessments!$J$2:$J$600,MATCH($H15&"|"&$I15&"|"&$J15&"|"&13,Assessments!$A$2:$A$600,0)),0) -> 0 | DJ15: =IFERROR(INDEX(Assessments!$J$2:$J$600,MATCH($H15&"|"&$I15&"|"&$J15&"|"&14,Assessments!$A$2:$A$600,0)),0) -> 0 | DK15: =S15 -> 4 | DL15: =W15 -> 6 | DM15: =AA15 -> 5 | DN15: =AE15 -> 3 | DO15: =AI15 -> 5 | DP15: =AM15 -> 4 | DQ15: =AQ15 -> 3 | DR15: =AU15 | DS15: =AY15 | DT15: =BC15 | DU15: =BG15 | DV15: =BK15 | DW15: =BO15 | DX15: =BS15 | DY15: =IF(ISNUMBER(S15),1,"") -> 1 | DZ15: =IF(ISNUMBER(W15),2,"") -> 2 | EA15: =IF(ISNUMBER(AA15),3,"") -> 3 | EB15: =IF(ISNUMBER(AE15),4,"") -> 4 | EC15: =IF(ISNUMBER(AI15),5,"") -> 5 | ED15: =IF(ISNUMBER(AM15),6,"") -> 6 | EE15: =IF(ISNUMBER(AQ15),7,"") -> 7 | EF15: =IF(ISNUMBER(AU15),8,"") | EG15: =IF(ISNUMBER(AY15),9,"") | EH15: =IF(ISNUMBER(BC15),10,"") | EI15: =IF(ISNUMBER(BG15),11,"") | EJ15: =IF(ISNUMBER(BK15),12,"") | EK15: =IF(ISNUMBER(BO15),13,"") | EL15: =IF(ISNUMBER(BS15),14,"") | EM15: =IF(ISNUMBER(R15),R15*CW15,0) -> 45 | EN15: =IF(ISNUMBER(V15),V15*CX15,0) -> 65 | EO15: =IF(ISNUMBER(Z15),Z15*CY15,0) -> 60 | EP15: =IF(ISNUMBER(AD15),AD15*CZ15,0) -> 40 | EQ15: =IF(ISNUMBER(AH15),AH15*DA15,0) -> 55 | ER15: =IF(ISNUMBER(AL15),AL15*DB15,0) -> 95 | ES15: =IF(ISNUMBER(AP15),AP15*DC15,0) -> 76 | ET15: =IF(ISNUMBER(AT15),AT15*DD15,0) -> 0 | EU15: =IF(ISNUMBER(AX15),AX15*DE15,0) -> 0 | EV15: =IF(ISNUMBER(BB15),BB15*DF15,0) -> 0 | EW15: =IF(ISNUMBER(BF15),BF15*DG15,0) -> 0 | EX15: =IF(ISNUMBER(BJ15),BJ15*DH15,0) -> 0 | EY15: =IF(ISNUMBER(BN15),BN15*DI15,0) -> 0 | EZ15: =IF(ISNUMBER(BR15),BR15*DJ15,0) -> 0 | FA15: =IF(ISNUMBER(R15),CW15,0) -> 1 | FB15: =IF(ISNUMBER(V15),CX15,0) -> 1 | FC15: =IF(ISNUMBER(Z15),CY15,0) -> 1 | FD15: =IF(ISNUMBER(AD15),CZ15,0) -> 1 | FE15: =IF(ISNUMBER(AH15),DA15,0) -> 1 | FF15: =IF(ISNUMBER(AL15),DB15,0) -> 2 | FG15: =IF(ISNUMBER(AP15),DC15,0) -> 2 | FH15: =IF(ISNUMBER(AT15),DD15,0) -> 0 | FI15: =IF(ISNUMBER(AX15),DE15,0) -> 0 | FJ15: =IF(ISNUMBER(BB15),DF15,0) -> 0 | FK15: =IF(ISNUMBER(BF15),DG15,0) -> 0 | FL15: =IF(ISNUMBER(BJ15),DH15,0) -> 0 | FM15: =IF(ISNUMBER(BN15),DI15,0) -> 0 | FN15: =IF(ISNUMBER(BR15),DJ15,0) -> 0 | FO15: =IFERROR(INDEX(Lists!$G$2:$G$20,MATCH($I15&"|"&$J15,Lists!$F$2:$F$20,0)),"") -> Geog Overall HL
A16: Campbell | B16: Park | C16: 12.3 | D16: KEWR | E16: 5.8 | F16: 6 | H16: Grad 2027 | I16: IB Geography | J16: HL | K16: =IF(OR(M16="",$E16=""),"",M16-$E16) -> 0.2 | L16: =IF(SUM(FA16:FN16)=0,"",SUM(EM16:EZ16)/SUM(FA16:FN16)) -> 66.125 | M16: =IF(OR(L16="",FO16=""),"",IFERROR(MATCH(L16,INDEX(Boundaries!$B$2:$I$30,MATCH(FO16,Boundaries!$A$2:$A$30,0),0),1)-1,"")) -> 6 | N16: =IF(COUNT($DY16:$EL16)<2,"",INDEX($DK16:$DX16,MAX($DY16:$EL16))-INDEX($DK16:$DX16,MIN($DY16:$EL16))) -> -1 | O16: =IF(COUNT($DY16:$EL16)<2,"",INDEX($DK16:$DX16,MAX($DY16:$EL16))-INDEX($DK16:$DX16,LARGE($DY16:$EL16,2))) -> -1 | P16: =IF(K16="","",IF(K16>=0,"On/above target",IF(AND(N16<>"",N16>=0.5),"Improving towards target",IF(AND(O16<>"",O16<=-0.5),"Declining","Stable below target")))) -> On/above target | Q16: 13 | R16: =IF(OR(Q16="",BU16=""),"",Q16/BU16*100) -> 65 | S16: =IF(R16="","",IFERROR(MATCH(R16,INDEX(Boundaries!$B$2:$I$30,MATCH(CI16,Boundaries!$A$2:$A$30,0),0),1)-1,"")) -> 6 | T16: =IF(OR(S16="",$E16=""),"",S16-$E16) -> 0.2 | U16: 13 | V16: =IF(OR(U16="",BV16=""),"",U16/BV16*100) -> 65 | W16: =IF(V16="","",IFERROR(MATCH(V16,INDEX(Boundaries!$B$2:$I$30,MATCH(CJ16,Boundaries!$A$2:$A$30,0),0),1)-1,"")) -> 6 | X16: =IF(OR(W16="",$E16=""),"",W16-$E16) -> 0.2 | Y16: 14 | Z16: =IF(OR(Y16="",BW16=""),"",Y16/BW16*100) -> 70 | AA16: =IF(Z16="","",IFERROR(MATCH(Z16,INDEX(Boundaries!$B$2:$I$30,MATCH(CK16,Boundaries!$A$2:$A$30,0),0),1)-1,"")) -> 6 | AB16: =IF(OR(AA16="",$E16=""),"",AA16-$E16) -> 0.2 | AC16: 15 | AD16: =IF(OR(AC16="",BX16=""),"",AC16/BX16*100) -> 75 | AE16: =IF(AD16="","",IFERROR(MATCH(AD16,INDEX(Boundaries!$B$2:$I$30,MATCH(CL16,Boundaries!$A$2:$A$30,0),0),1)-1,"")) -> 7 | AF16: =IF(OR(AE16="",$E16=""),"",AE16-$E16) -> 1.2 | AH16: =IF(OR(AG16="",BY16=""),"",AG16/BY16*100) | AI16: =IF(AH16="","",IFERROR(MATCH(AH16,INDEX(Boundaries!$B$2:$I$30,MATCH(CM16,Boundaries!$A$2:$A$30,0),0),1)-1,"")) | AJ16: =IF(OR(AI16="",$E16=""),"",AI16-$E16) | AK16: 26 | AL16: =IF(OR(AK16="",BZ16=""),"",AK16/BZ16*100) -> 65 | AM16: =IF(AL16="","",IFERROR(MATCH(AL16,INDEX(Boundaries!$B$2:$I$30,MATCH(CN16,Boundaries!$A$2:$A$30,0),0),1)-1,"")) -> 6 | AN16: =IF(OR(AM16="",$E16=""),"",AM16-$E16) -> 0.2 | AO16: 31 | AP16: =IF(OR(AO16="",CA16=""),"",AO16/CA16*100) -> 62 | AQ16: =IF(AP16="","",IFERROR(MATCH(AP16,INDEX(Boundaries!$B$2:$I$30,MATCH(CO16,Boundaries!$A$2:$A$30,0),0),1)-1,"")) -> 5 | AR16: =IF(OR(AQ16="",$E16=""),"",AQ16-$E16) -> -0.8 | AT16: =IF(OR(AS16="",CB16=""),"",AS16/CB16*100) | AU16: =IF(AT16="","",IFERROR(MATCH(AT16,INDEX(Boundaries!$B$2:$I$30,MATCH(CP16,Boundaries!$A$2:$A$30,0),0),1)-1,"")) | AV16: =IF(OR(AU16="",$E16=""),"",AU16-$E16) | AX16: =IF(OR(AW16="",CC16=""),"",AW16/CC16*100) | AY16: =IF(AX16="","",IFERROR(MATCH(AX16,INDEX(Boundaries!$B$2:$I$30,MATCH(CQ16,Boundaries!$A$2:$A$30,0),0),1)-1,"")) | AZ16: =IF(OR(AY16="",$E16=""),"",AY16-$E16) | BB16: =IF(OR(BA16="",CD16=""),"",BA16/CD16*100) | BC16: =IF(BB16="","",IFERROR(MATCH(BB16,INDEX(Boundaries!$B$2:$I$30,MATCH(CR16,Boundaries!$A$2:$A$30,0),0),1)-1,"")) | BD16: =IF(OR(BC16="",$E16=""),"",BC16-$E16) | BF16: =IF(OR(BE16="",CE16=""),"",BE16/CE16*100) | BG16: =IF(BF16="","",IFERROR(MATCH(BF16,INDEX(Boundaries!$B$2:$I$30,MATCH(CS16,Boundaries!$A$2:$A$30,0),0),1)-1,"")) | BH16: =IF(OR(BG16="",$E16=""),"",BG16-$E16) | BJ16: =IF(OR(BI16="",CF16=""),"",BI16/CF16*100) | BK16: =IF(BJ16="","",IFERROR(MATCH(BJ16,INDEX(Boundaries!$B$2:$I$30,MATCH(CT16,Boundaries!$A$2:$A$30,0),0),1)-1,"")) | BL16: =IF(OR(BK16="",$E16=""),"",BK16-$E16) | BN16: =IF(OR(BM16="",CG16=""),"",BM16/CG16*100) | BO16: =IF(BN16="","",IFERROR(MATCH(BN16,INDEX(Boundaries!$B$2:$I$30,MATCH(CU16,Boundaries!$A$2:$A$30,0),0),1)-1,"")) | BP16: =IF(OR(BO16="",$E16=""),"",BO16-$E16) | BR16: =IF(OR(BQ16="",CH16=""),"",BQ16/CH16*100) | BS16: =IF(BR16="","",IFERROR(MATCH(BR16,INDEX(Boundaries!$B$2:$I$30,MATCH(CV16,Boundaries!$A$2:$A$30,0),0),1)-1,"")) | BT16: =IF(OR(BS16="",$E16=""),"",BS16-$E16) | BU16: =IFERROR(INDEX(Assessments!$H$2:$H$600,MATCH($H16&"|"&$I16&"|"&$J16&"|"&1,Assessments!$A$2:$A$600,0)),"") -> 20 | BV16: =IFERROR(INDEX(Assessments!$H$2:$H$600,MATCH($H16&"|"&$I16&"|"&$J16&"|"&2,Assessments!$A$2:$A$600,0)),"") -> 20 | BW16: =IFERROR(INDEX(Assessments!$H$2:$H$600,MATCH($H16&"|"&$I16&"|"&$J16&"|"&3,Assessments!$A$2:$A$600,0)),"") -> 20 | BX16: =IFERROR(INDEX(Assessments!$H$2:$H$600,MATCH($H16&"|"&$I16&"|"&$J16&"|"&4,Assessments!$A$2:$A$600,0)),"") -> 20 | BY16: =IFERROR(INDEX(Assessments!$H$2:$H$600,MATCH($H16&"|"&$I16&"|"&$J16&"|"&5,Assessments!$A$2:$A$600,0)),"") -> 20 | BZ16: =IFERROR(INDEX(Assessments!$H$2:$H$600,MATCH($H16&"|"&$I16&"|"&$J16&"|"&6,Assessments!$A$2:$A$600,0)),"") -> 40 | CA16: =IFERROR(INDEX(Assessments!$H$2:$H$600,MATCH($H16&"|"&$I16&"|"&$J16&"|"&7,Assessments!$A$2:$A$600,0)),"") -> 50 | CB16: =IFERROR(INDEX(Assessments!$H$2:$H$600,MATCH($H16&"|"&$I16&"|"&$J16&"|"&8,Assessments!$A$2:$A$600,0)),"") -> 25 | CC16: =IFERROR(INDEX(Assessments!$H$2:$H$600,MATCH($H16&"|"&$I16&"|"&$J16&"|"&9,Assessments!$A$2:$A$600,0)),"") -> 16 | CD16: =IFERROR(INDEX(Assessments!$H$2:$H$600,MATCH($H16&"|"&$I16&"|"&$J16&"|"&10,Assessments!$A$2:$A$600,0)),"") -> 30 | CE16: =IFERROR(INDEX(Assessments!$H$2:$H$600,MATCH($H16&"|"&$I16&"|"&$J16&"|"&11,Assessments!$A$2:$A$600,0)),"") | CF16: =IFERROR(INDEX(Assessments!$H$2:$H$600,MATCH($H16&"|"&$I16&"|"&$J16&"|"&12,Assessments!$A$2:$A$600,0)),"") | CG16: =IFERROR(INDEX(Assessments!$H$2:$H$600,MATCH($H16&"|"&$I16&"|"&$J16&"|"&13,Assessments!$A$2:$A$600,0)),"") | CH16: =IFERROR(INDEX(Assessments!$H$2:$H$600,MATCH($H16&"|"&$I16&"|"&$J16&"|"&14,Assessments!$A$2:$A$600,0)),"") | CI16: =IFERROR(INDEX(Assessments!$I$2:$I$600,MATCH($H16&"|"&$I16&"|"&$J16&"|"&1,Assessments!$A$2:$A$600,0)),"") -> Geog Paper 1 | CJ16: =IFERROR(INDEX(Assessments!$I$2:$I$600,MATCH($H16&"|"&$I16&"|"&$J16&"|"&2,Assessments!$A$2:$A$600,0)),"") -> Geog Paper 1 | CK16: =IFERROR(INDEX(Assessments!$I$2:$I$600,MATCH($H16&"|"&$I16&"|"&$J16&"|"&3,Assessments!$A$2:$A$600,0)),"") -> Geog Paper 2 | CL16: =IFERROR(INDEX(Assessments!$I$2:$I$600,MATCH($H16&"|"&$I16&"|"&$J16&"|"&4,Assessments!$A$2:$A$600,0)),"") -> Geog Paper 1 | CM16: =IFERROR(INDEX(Assessments!$I$2:$I$600,MATCH($H16&"|"&$I16&"|"&$J16&"|"&5,Assessments!$A$2:$A$600,0)),"") -> Geog Paper 1 | CN16: =IFERROR(INDEX(Assessments!$I$2:$I$600,MATCH($H16&"|"&$I16&"|"&$J16&"|"&6,Assessments!$A$2:$A$600,0)),"") -> Geog Paper 1 | CO16: =IFERROR(INDEX(Assessments!$I$2:$I$600,MATCH($H16&"|"&$I16&"|"&$J16&"|"&7,Assessments!$A$2:$A$600,0)),"") -> Geog Paper 2 | CP16: =IFERROR(INDEX(Assessments!$I$2:$I$600,MATCH($H16&"|"&$I16&"|"&$J16&"|"&8,Assessments!$A$2:$A$600,0)),"") -> Geog Paper 2 | CQ16: =IFERROR(INDEX(Assessments!$I$2:$I$600,MATCH($H16&"|"&$I16&"|"&$J16&"|"&9,Assessments!$A$2:$A$600,0)),"") -> Geog Paper 3 | CR16: =IFERROR(INDEX(Assessments!$I$2:$I$600,MATCH($H16&"|"&$I16&"|"&$J16&"|"&10,Assessments!$A$2:$A$600,0)),"") -> Geog Paper 2 | CS16: =IFERROR(INDEX(Assessments!$I$2:$I$600,MATCH($H16&"|"&$I16&"|"&$J16&"|"&11,Assessments!$A$2:$A$600,0)),"") | CT16: =IFERROR(INDEX(Assessments!$I$2:$I$600,MATCH($H16&"|"&$I16&"|"&$J16&"|"&12,Assessments!$A$2:$A$600,0)),"") | CU16: =IFERROR(INDEX(Assessments!$I$2:$I$600,MATCH($H16&"|"&$I16&"|"&$J16&"|"&13,Assessments!$A$2:$A$600,0)),"") | CV16: =IFERROR(INDEX(Assessments!$I$2:$I$600,MATCH($H16&"|"&$I16&"|"&$J16&"|"&14,Assessments!$A$2:$A$600,0)),"") | CW16: =IFERROR(INDEX(Assessments!$J$2:$J$600,MATCH($H16&"|"&$I16&"|"&$J16&"|"&1,Assessments!$A$2:$A$600,0)),0) -> 1 | CX16: =IFERROR(INDEX(Assessments!$J$2:$J$600,MATCH($H16&"|"&$I16&"|"&$J16&"|"&2,Assessments!$A$2:$A$600,0)),0) -> 1 | CY16: =IFERROR(INDEX(Assessments!$J$2:$J$600,MATCH($H16&"|"&$I16&"|"&$J16&"|"&3,Assessments!$A$2:$A$600,0)),0) -> 1 | CZ16: =IFERROR(INDEX(Assessments!$J$2:$J$600,MATCH($H16&"|"&$I16&"|"&$J16&"|"&4,Assessments!$A$2:$A$600,0)),0) -> 1 | DA16: =IFERROR(INDEX(Assessments!$J$2:$J$600,MATCH($H16&"|"&$I16&"|"&$J16&"|"&5,Assessments!$A$2:$A$600,0)),0) -> 1 | DB16: =IFERROR(INDEX(Assessments!$J$2:$J$600,MATCH($H16&"|"&$I16&"|"&$J16&"|"&6,Assessments!$A$2:$A$600,0)),0) -> 2 | DC16: =IFERROR(INDEX(Assessments!$J$2:$J$600,MATCH($H16&"|"&$I16&"|"&$J16&"|"&7,Assessments!$A$2:$A$600,0)),0) -> 2 | DD16: =IFERROR(INDEX(Assessments!$J$2:$J$600,MATCH($H16&"|"&$I16&"|"&$J16&"|"&8,Assessments!$A$2:$A$600,0)),0) -> 1 | DE16: =IFERROR(INDEX(Assessments!$J$2:$J$600,MATCH($H16&"|"&$I16&"|"&$J16&"|"&9,Assessments!$A$2:$A$600,0)),0) -> 1 | DF16: =IFERROR(INDEX(Assessments!$J$2:$J$600,MATCH($H16&"|"&$I16&"|"&$J16&"|"&10,Assessments!$A$2:$A$600,0)),0) -> 1 | DG16: =IFERROR(INDEX(Assessments!$J$2:$J$600,MATCH($H16&"|"&$I16&"|"&$J16&"|"&11,Assessments!$A$2:$A$600,0)),0) -> 0 | DH16: =IFERROR(INDEX(Assessments!$J$2:$J$600,MATCH($H16&"|"&$I16&"|"&$J16&"|"&12,Assessments!$A$2:$A$600,0)),0) -> 0 | DI16: =IFERROR(INDEX(Assessments!$J$2:$J$600,MATCH($H16&"|"&$I16&"|"&$J16&"|"&13,Assessments!$A$2:$A$600,0)),0) -> 0 | DJ16: =IFERROR(INDEX(Assessments!$J$2:$J$600,MATCH($H16&"|"&$I16&"|"&$J16&"|"&14,Assessments!$A$2:$A$600,0)),0) -> 0 | DK16: =S16 -> 6 | DL16: =W16 -> 6 | DM16: =AA16 -> 6 | DN16: =AE16 -> 7 | DO16: =AI16 | DP16: =AM16 -> 6 | DQ16: =AQ16 -> 5 | DR16: =AU16 | DS16: =AY16 | DT16: =BC16 | DU16: =BG16 | DV16: =BK16 | DW16: =BO16 | DX16: =BS16 | DY16: =IF(ISNUMBER(S16),1,"") -> 1 | DZ16: =IF(ISNUMBER(W16),2,"") -> 2 | EA16: =IF(ISNUMBER(AA16),3,"") -> 3 | EB16: =IF(ISNUMBER(AE16),4,"") -> 4 | EC16: =IF(ISNUMBER(AI16),5,"") | ED16: =IF(ISNUMBER(AM16),6,"") -> 6 | EE16: =IF(ISNUMBER(AQ16),7,"") -> 7 | EF16: =IF(ISNUMBER(AU16),8,"") | EG16: =IF(ISNUMBER(AY16),9,"") | EH16: =IF(ISNUMBER(BC16),10,"") | EI16: =IF(ISNUMBER(BG16),11,"") | EJ16: =IF(ISNUMBER(BK16),12,"") | EK16: =IF(ISNUMBER(BO16),13,"") | EL16: =IF(ISNUMBER(BS16),14,"") | EM16: =IF(ISNUMBER(R16),R16*CW16,0) -> 65 | EN16: =IF(ISNUMBER(V16),V16*CX16,0) -> 65 | EO16: =IF(ISNUMBER(Z16),Z16*CY16,0) -> 70 | EP16: =IF(ISNUMBER(AD16),AD16*CZ16,0) -> 75 | EQ16: =IF(ISNUMBER(AH16),AH16*DA16,0) -> 0 | ER16: =IF(ISNUMBER(AL16),AL16*DB16,0) -> 130 | ES16: =IF(ISNUMBER(AP16),AP16*DC16,0) -> 124 | ET16: =IF(ISNUMBER(AT16),AT16*DD16,0) -> 0 | EU16: =IF(ISNUMBER(AX16),AX16*DE16,0) -> 0 | EV16: =IF(ISNUMBER(BB16),BB16*DF16,0) -> 0 | EW16: =IF(ISNUMBER(BF16),BF16*DG16,0) -> 0 | EX16: =IF(ISNUMBER(BJ16),BJ16*DH16,0) -> 0 | EY16: =IF(ISNUMBER(BN16),BN16*DI16,0) -> 0 | EZ16: =IF(ISNUMBER(BR16),BR16*DJ16,0) -> 0 | FA16: =IF(ISNUMBER(R16),CW16,0) -> 1 | FB16: =IF(ISNUMBER(V16),CX16,0) -> 1 | FC16: =IF(ISNUMBER(Z16),CY16,0) -> 1 | FD16: =IF(ISNUMBER(AD16),CZ16,0) -> 1 | FE16: =IF(ISNUMBER(AH16),DA16,0) -> 0 | FF16: =IF(ISNUMBER(AL16),DB16,0) -> 2 | FG16: =IF(ISNUMBER(AP16),DC16,0) -> 2 | FH16: =IF(ISNUMBER(AT16),DD16,0) -> 0 | FI16: =IF(ISNUMBER(AX16),DE16,0) -> 0 | FJ16: =IF(ISNUMBER(BB16),DF16,0) -> 0 | FK16: =IF(ISNUMBER(BF16),DG16,0) -> 0 | FL16: =IF(ISNUMBER(BJ16),DH16,0) -> 0 | FM16: =IF(ISNUMBER(BN16),DI16,0) -> 0 | FN16: =IF(ISNUMBER(BR16),DJ16,0) -> 0 | FO16: =IFERROR(INDEX(Lists!$G$2:$G$20,MATCH($I16&"|"&$J16,Lists!$F$2:$F$20,0)),"") -> Geog Overall HL
A17: Paro | B17: Phornprapha | C17: 12.3 | D17: KEWR | E17: 5.5 | F17: 6 | H17: Grad 2027 | I17: IB Geography | J17: HL | K17: =IF(OR(M17="",$E17=""),"",M17-$E17) -> -0.5 | L17: =IF(SUM(FA17:FN17)=0,"",SUM(EM17:EZ17)/SUM(FA17:FN17)) -> 61.333333 | M17: =IF(OR(L17="",FO17=""),"",IFERROR(MATCH(L17,INDEX(Boundaries!$B$2:$I$30,MATCH(FO17,Boundaries!$A$2:$A$30,0),0),1)-1,"")) -> 5 | N17: =IF(COUNT($DY17:$EL17)<2,"",INDEX($DK17:$DX17,MAX($DY17:$EL17))-INDEX($DK17:$DX17,MIN($DY17:$EL17))) -> 0 | O17: =IF(COUNT($DY17:$EL17)<2,"",INDEX($DK17:$DX17,MAX($DY17:$EL17))-INDEX($DK17:$DX17,LARGE($DY17:$EL17,2))) -> 0 | P17: =IF(K17="","",IF(K17>=0,"On/above target",IF(AND(N17<>"",N17>=0.5),"Improving towards target",IF(AND(O17<>"",O17<=-0.5),"Declining","Stable below target")))) -> Stable below target | Q17: 11 | R17: =IF(OR(Q17="",BU17=""),"",Q17/BU17*100) -> 55 | S17: =IF(R17="","",IFERROR(MATCH(R17,INDEX(Boundaries!$B$2:$I$30,MATCH(CI17,Boundaries!$A$2:$A$30,0),0),1)-1,"")) -> 5 | T17: =IF(OR(S17="",$E17=""),"",S17-$E17) -> -0.5 | U17: 15 | V17: =IF(OR(U17="",BV17=""),"",U17/BV17*100) -> 75 | W17: =IF(V17="","",IFERROR(MATCH(V17,INDEX(Boundaries!$B$2:$I$30,MATCH(CJ17,Boundaries!$A$2:$A$30,0),0),1)-1,"")) -> 7 | X17: =IF(OR(W17="",$E17=""),"",W17-$E17) -> 1.5 | Y17: 14 | Z17: =IF(OR(Y17="",BW17=""),"",Y17/BW17*100) -> 70 | AA17: =IF(Z17="","",IFERROR(MATCH(Z17,INDEX(Boundaries!$B$2:$I$30,MATCH(CK17,Boundaries!$A$2:$A$30,0),0),1)-1,"")) -> 6 | AB17: =IF(OR(AA17="",$E17=""),"",AA17-$E17) -> 0.5 | AC17: 9 | AD17: =IF(OR(AC17="",BX17=""),"",AC17/BX17*100) -> 45 | AE17: =IF(AD17="","",IFERROR(MATCH(AD17,INDEX(Boundaries!$B$2:$I$30,MATCH(CL17,Boundaries!$A$2:$A$30,0),0),1)-1,"")) -> 4 | AF17: =IF(OR(AE17="",$E17=""),"",AE17-$E17) -> -1.5 | AG17: 11 | AH17: =IF(OR(AG17="",BY17=""),"",AG17/BY17*100) -> 55 | AI17: =IF(AH17="","",IFERROR(MATCH(AH17,INDEX(Boundaries!$B$2:$I$30,MATCH(CM17,Boundaries!$A$2:$A$30,0),0),1)-1,"")) -> 5 | AJ17: =IF(OR(AI17="",$E17=""),"",AI17-$E17) -> -0.5 | AK17: 24 | AL17: =IF(OR(AK17="",BZ17=""),"",AK17/BZ17*100) -> 60 | AM17: =IF(AL17="","",IFERROR(MATCH(AL17,INDEX(Boundaries!$B$2:$I$30,MATCH(CN17,Boundaries!$A$2:$A$30,0),0),1)-1,"")) -> 5 | AN17: =IF(OR(AM17="",$E17=""),"",AM17-$E17) -> -0.5 | AO17: 33 | AP17: =IF(OR(AO17="",CA17=""),"",AO17/CA17*100) -> 66 | AQ17: =IF(AP17="","",IFERROR(MATCH(AP17,INDEX(Boundaries!$B$2:$I$30,MATCH(CO17,Boundaries!$A$2:$A$30,0),0),1)-1,"")) -> 5 | AR17: =IF(OR(AQ17="",$E17=""),"",AQ17-$E17) -> -0.5 | AT17: =IF(OR(AS17="",CB17=""),"",AS17/CB17*100) | AU17: =IF(AT17="","",IFERROR(MATCH(AT17,INDEX(Boundaries!$B$2:$I$30,MATCH(CP17,Boundaries!$A$2:$A$30,0),0),1)-1,"")) | AV17: =IF(OR(AU17="",$E17=""),"",AU17-$E17) | AX17: =IF(OR(AW17="",CC17=""),"",AW17/CC17*100) | AY17: =IF(AX17="","",IFERROR(MATCH(AX17,INDEX(Boundaries!$B$2:$I$30,MATCH(CQ17,Boundaries!$A$2:$A$30,0),0),1)-1,"")) | AZ17: =IF(OR(AY17="",$E17=""),"",AY17-$E17) | BB17: =IF(OR(BA17="",CD17=""),"",BA17/CD17*100) | BC17: =IF(BB17="","",IFERROR(MATCH(BB17,INDEX(Boundaries!$B$2:$I$30,MATCH(CR17,Boundaries!$A$2:$A$30,0),0),1)-1,"")) | BD17: =IF(OR(BC17="",$E17=""),"",BC17-$E17) | BF17: =IF(OR(BE17="",CE17=""),"",BE17/CE17*100) | BG17: =IF(BF17="","",IFERROR(MATCH(BF17,INDEX(Boundaries!$B$2:$I$30,MATCH(CS17,Boundaries!$A$2:$A$30,0),0),1)-1,"")) | BH17: =IF(OR(BG17="",$E17=""),"",BG17-$E17) | BJ17: =IF(OR(BI17="",CF17=""),"",BI17/CF17*100) | BK17: =IF(BJ17="","",IFERROR(MATCH(BJ17,INDEX(Boundaries!$B$2:$I$30,MATCH(CT17,Boundaries!$A$2:$A$30,0),0),1)-1,"")) | BL17: =IF(OR(BK17="",$E17=""),"",BK17-$E17) | BN17: =IF(OR(BM17="",CG17=""),"",BM17/CG17*100) | BO17: =IF(BN17="","",IFERROR(MATCH(BN17,INDEX(Boundaries!$B$2:$I$30,MATCH(CU17,Boundaries!$A$2:$A$30,0),0),1)-1,"")) | BP17: =IF(OR(BO17="",$E17=""),"",BO17-$E17) | BR17: =IF(OR(BQ17="",CH17=""),"",BQ17/CH17*100) | BS17: =IF(BR17="","",IFERROR(MATCH(BR17,INDEX(Boundaries!$B$2:$I$30,MATCH(CV17,Boundaries!$A$2:$A$30,0),0),1)-1,"")) | BT17: =IF(OR(BS17="",$E17=""),"",BS17-$E17) | BU17: =IFERROR(INDEX(Assessments!$H$2:$H$600,MATCH($H17&"|"&$I17&"|"&$J17&"|"&1,Assessments!$A$2:$A$600,0)),"") -> 20 | BV17: =IFERROR(INDEX(Assessments!$H$2:$H$600,MATCH($H17&"|"&$I17&"|"&$J17&"|"&2,Assessments!$A$2:$A$600,0)),"") -> 20 | BW17: =IFERROR(INDEX(Assessments!$H$2:$H$600,MATCH($H17&"|"&$I17&"|"&$J17&"|"&3,Assessments!$A$2:$A$600,0)),"") -> 20 | BX17: =IFERROR(INDEX(Assessments!$H$2:$H$600,MATCH($H17&"|"&$I17&"|"&$J17&"|"&4,Assessments!$A$2:$A$600,0)),"") -> 20 | BY17: =IFERROR(INDEX(Assessments!$H$2:$H$600,MATCH($H17&"|"&$I17&"|"&$J17&"|"&5,Assessments!$A$2:$A$600,0)),"") -> 20 | BZ17: =IFERROR(INDEX(Assessments!$H$2:$H$600,MATCH($H17&"|"&$I17&"|"&$J17&"|"&6,Assessments!$A$2:$A$600,0)),"") -> 40 | CA17: =IFERROR(INDEX(Assessments!$H$2:$H$600,MATCH($H17&"|"&$I17&"|"&$J17&"|"&7,Assessments!$A$2:$A$600,0)),"") -> 50 | CB17: =IFERROR(INDEX(Assessments!$H$2:$H$600,MATCH($H17&"|"&$I17&"|"&$J17&"|"&8,Assessments!$A$2:$A$600,0)),"") -> 25 | CC17: =IFERROR(INDEX(Assessments!$H$2:$H$600,MATCH($H17&"|"&$I17&"|"&$J17&"|"&9,Assessments!$A$2:$A$600,0)),"") -> 16 | CD17: =IFERROR(INDEX(Assessments!$H$2:$H$600,MATCH($H17&"|"&$I17&"|"&$J17&"|"&10,Assessments!$A$2:$A$600,0)),"") -> 30 | CE17: =IFERROR(INDEX(Assessments!$H$2:$H$600,MATCH($H17&"|"&$I17&"|"&$J17&"|"&11,Assessments!$A$2:$A$600,0)),"") | CF17: =IFERROR(INDEX(Assessments!$H$2:$H$600,MATCH($H17&"|"&$I17&"|"&$J17&"|"&12,Assessments!$A$2:$A$600,0)),"") | CG17: =IFERROR(INDEX(Assessments!$H$2:$H$600,MATCH($H17&"|"&$I17&"|"&$J17&"|"&13,Assessments!$A$2:$A$600,0)),"") | CH17: =IFERROR(INDEX(Assessments!$H$2:$H$600,MATCH($H17&"|"&$I17&"|"&$J17&"|"&14,Assessments!$A$2:$A$600,0)),"") | CI17: =IFERROR(INDEX(Assessments!$I$2:$I$600,MATCH($H17&"|"&$I17&"|"&$J17&"|"&1,Assessments!$A$2:$A$600,0)),"") -> Geog Paper 1 | CJ17: =IFERROR(INDEX(Assessments!$I$2:$I$600,MATCH($H17&"|"&$I17&"|"&$J17&"|"&2,Assessments!$A$2:$A$600,0)),"") -> Geog Paper 1 | CK17: =IFERROR(INDEX(Assessments!$I$2:$I$600,MATCH($H17&"|"&$I17&"|"&$J17&"|"&3,Assessments!$A$2:$A$600,0)),"") -> Geog Paper 2 | CL17: =IFERROR(INDEX(Assessments!$I$2:$I$600,MATCH($H17&"|"&$I17&"|"&$J17&"|"&4,Assessments!$A$2:$A$600,0)),"") -> Geog Paper 1 | CM17: =IFERROR(INDEX(Assessments!$I$2:$I$600,MATCH($H17&"|"&$I17&"|"&$J17&"|"&5,Assessments!$A$2:$A$600,0)),"") -> Geog Paper 1 | CN17: =IFERROR(INDEX(Assessments!$I$2:$I$600,MATCH($H17&"|"&$I17&"|"&$J17&"|"&6,Assessments!$A$2:$A$600,0)),"") -> Geog Paper 1 | CO17: =IFERROR(INDEX(Assessments!$I$2:$I$600,MATCH($H17&"|"&$I17&"|"&$J17&"|"&7,Assessments!$A$2:$A$600,0)),"") -> Geog Paper 2 | CP17: =IFERROR(INDEX(Assessments!$I$2:$I$600,MATCH($H17&"|"&$I17&"|"&$J17&"|"&8,Assessments!$A$2:$A$600,0)),"") -> Geog Paper 2 | CQ17: =IFERROR(INDEX(Assessments!$I$2:$I$600,MATCH($H17&"|"&$I17&"|"&$J17&"|"&9,Assessments!$A$2:$A$600,0)),"") -> Geog Paper 3 | CR17: =IFERROR(INDEX(Assessments!$I$2:$I$600,MATCH($H17&"|"&$I17&"|"&$J17&"|"&10,Assessments!$A$2:$A$600,0)),"") -> Geog Paper 2 | CS17: =IFERROR(INDEX(Assessments!$I$2:$I$600,MATCH($H17&"|"&$I17&"|"&$J17&"|"&11,Assessments!$A$2:$A$600,0)),"") | CT17: =IFERROR(INDEX(Assessments!$I$2:$I$600,MATCH($H17&"|"&$I17&"|"&$J17&"|"&12,Assessments!$A$2:$A$600,0)),"") | CU17: =IFERROR(INDEX(Assessments!$I$2:$I$600,MATCH($H17&"|"&$I17&"|"&$J17&"|"&13,Assessments!$A$2:$A$600,0)),"") | CV17: =IFERROR(INDEX(Assessments!$I$2:$I$600,MATCH($H17&"|"&$I17&"|"&$J17&"|"&14,Assessments!$A$2:$A$600,0)),"") | CW17: =IFERROR(INDEX(Assessments!$J$2:$J$600,MATCH($H17&"|"&$I17&"|"&$J17&"|"&1,Assessments!$A$2:$A$600,0)),0) -> 1 | CX17: =IFERROR(INDEX(Assessments!$J$2:$J$600,MATCH($H17&"|"&$I17&"|"&$J17&"|"&2,Assessments!$A$2:$A$600,0)),0) -> 1 | CY17: =IFERROR(INDEX(Assessments!$J$2:$J$600,MATCH($H17&"|"&$I17&"|"&$J17&"|"&3,Assessments!$A$2:$A$600,0)),0) -> 1 | CZ17: =IFERROR(INDEX(Assessments!$J$2:$J$600,MATCH($H17&"|"&$I17&"|"&$J17&"|"&4,Assessments!$A$2:$A$600,0)),0) -> 1 | DA17: =IFERROR(INDEX(Assessments!$J$2:$J$600,MATCH($H17&"|"&$I17&"|"&$J17&"|"&5,Assessments!$A$2:$A$600,0)),0) -> 1 | DB17: =IFERROR(INDEX(Assessments!$J$2:$J$600,MATCH($H17&"|"&$I17&"|"&$J17&"|"&6,Assessments!$A$2:$A$600,0)),0) -> 2 | DC17: =IFERROR(INDEX(Assessments!$J$2:$J$600,MATCH($H17&"|"&$I17&"|"&$J17&"|"&7,Assessments!$A$2:$A$600,0)),0) -> 2 | DD17: =IFERROR(INDEX(Assessments!$J$2:$J$600,MATCH($H17&"|"&$I17&"|"&$J17&"|"&8,Assessments!$A$2:$A$600,0)),0) -> 1 | DE17: =IFERROR(INDEX(Assessments!$J$2:$J$600,MATCH($H17&"|"&$I17&"|"&$J17&"|"&9,Assessments!$A$2:$A$600,0)),0) -> 1 | DF17: =IFERROR(INDEX(Assessments!$J$2:$J$600,MATCH($H17&"|"&$I17&"|"&$J17&"|"&10,Assessments!$A$2:$A$600,0)),0) -> 1 | DG17: =IFERROR(INDEX(Assessments!$J$2:$J$600,MATCH($H17&"|"&$I17&"|"&$J17&"|"&11,Assessments!$A$2:$A$600,0)),0) -> 0 | DH17: =IFERROR(INDEX(Assessments!$J$2:$J$600,MATCH($H17&"|"&$I17&"|"&$J17&"|"&12,Assessments!$A$2:$A$600,0)),0) -> 0 | DI17: =IFERROR(INDEX(Assessments!$J$2:$J$600,MATCH($H17&"|"&$I17&"|"&$J17&"|"&13,Assessments!$A$2:$A$600,0)),0) -> 0 | DJ17: =IFERROR(INDEX(Assessments!$J$2:$J$600,MATCH($H17&"|"&$I17&"|"&$J17&"|"&14,Assessments!$A$2:$A$600,0)),0) -> 0 | DK17: =S17 -> 5 | DL17: =W17 -> 7 | DM17: =AA17 -> 6 | DN17: =AE17 -> 4 | DO17: =AI17 -> 5 | DP17: =AM17 -> 5 | DQ17: =AQ17 -> 5 | DR17: =AU17 | DS17: =AY17 | DT17: =BC17 | DU17: =BG17 | DV17: =BK17 | DW17: =BO17 | DX17: =BS17 | DY17: =IF(ISNUMBER(S17),1,"") -> 1 | DZ17: =IF(ISNUMBER(W17),2,"") -> 2 | EA17: =IF(ISNUMBER(AA17),3,"") -> 3 | EB17: =IF(ISNUMBER(AE17),4,"") -> 4 | EC17: =IF(ISNUMBER(AI17),5,"") -> 5 | ED17: =IF(ISNUMBER(AM17),6,"") -> 6 | EE17: =IF(ISNUMBER(AQ17),7,"") -> 7 | EF17: =IF(ISNUMBER(AU17),8,"") | EG17: =IF(ISNUMBER(AY17),9,"") | EH17: =IF(ISNUMBER(BC17),10,"") | EI17: =IF(ISNUMBER(BG17),11,"") | EJ17: =IF(ISNUMBER(BK17),12,"") | EK17: =IF(ISNUMBER(BO17),13,"") | EL17: =IF(ISNUMBER(BS17),14,"") | EM17: =IF(ISNUMBER(R17),R17*CW17,0) -> 55 | EN17: =IF(ISNUMBER(V17),V17*CX17,0) -> 75 | EO17: =IF(ISNUMBER(Z17),Z17*CY17,0) -> 70 | EP17: =IF(ISNUMBER(AD17),AD17*CZ17,0) -> 45 | EQ17: =IF(ISNUMBER(AH17),AH17*DA17,0) -> 55 | ER17: =IF(ISNUMBER(AL17),AL17*DB17,0) -> 120 | ES17: =IF(ISNUMBER(AP17),AP17*DC17,0) -> 132 | ET17: =IF(ISNUMBER(AT17),AT17*DD17,0) -> 0 | EU17: =IF(ISNUMBER(AX17),AX17*DE17,0) -> 0 | EV17: =IF(ISNUMBER(BB17),BB17*DF17,0) -> 0 | EW17: =IF(ISNUMBER(BF17),BF17*DG17,0) -> 0 | EX17: =IF(ISNUMBER(BJ17),BJ17*DH17,0) -> 0 | EY17: =IF(ISNUMBER(BN17),BN17*DI17,0) -> 0 | EZ17: =IF(ISNUMBER(BR17),BR17*DJ17,0) -> 0 | FA17: =IF(ISNUMBER(R17),CW17,0) -> 1 | FB17: =IF(ISNUMBER(V17),CX17,0) -> 1 | FC17: =IF(ISNUMBER(Z17),CY17,0) -> 1 | FD17: =IF(ISNUMBER(AD17),CZ17,0) -> 1 | FE17: =IF(ISNUMBER(AH17),DA17,0) -> 1 | FF17: =IF(ISNUMBER(AL17),DB17,0) -> 2 | FG17: =IF(ISNUMBER(AP17),DC17,0) -> 2 | FH17: =IF(ISNUMBER(AT17),DD17,0) -> 0 | FI17: =IF(ISNUMBER(AX17),DE17,0) -> 0 | FJ17: =IF(ISNUMBER(BB17),DF17,0) -> 0 | FK17: =IF(ISNUMBER(BF17),DG17,0) -> 0 | FL17: =IF(ISNUMBER(BJ17),DH17,0) -> 0 | FM17: =IF(ISNUMBER(BN17),DI17,0) -> 0 | FN17: =IF(ISNUMBER(BR17),DJ17,0) -> 0 | FO17: =IFERROR(INDEX(Lists!$G$2:$G$20,MATCH($I17&"|"&$J17,Lists!$F$2:$F$20,0)),"") -> Geog Overall HL
A18: Praopat | B18: Ruengcharungpong | C18: 12.3 | D18: KEWR | E18: 6.2 | F18: 7 | H18: Grad 2027 | I18: IB Geography | J18: HL | K18: =IF(OR(M18="",$E18=""),"",M18-$E18) -> 0.8 | L18: =IF(SUM(FA18:FN18)=0,"",SUM(EM18:EZ18)/SUM(FA18:FN18)) -> 75.555556 | M18: =IF(OR(L18="",FO18=""),"",IFERROR(MATCH(L18,INDEX(Boundaries!$B$2:$I$30,MATCH(FO18,Boundaries!$A$2:$A$30,0),0),1)-1,"")) -> 7 | N18: =IF(COUNT($DY18:$EL18)<2,"",INDEX($DK18:$DX18,MAX($DY18:$EL18))-INDEX($DK18:$DX18,MIN($DY18:$EL18))) -> 1 | O18: =IF(COUNT($DY18:$EL18)<2,"",INDEX($DK18:$DX18,MAX($DY18:$EL18))-INDEX($DK18:$DX18,LARGE($DY18:$EL18,2))) -> 0 | P18: =IF(K18="","",IF(K18>=0,"On/above target",IF(AND(N18<>"",N18>=0.5),"Improving towards target",IF(AND(O18<>"",O18<=-0.5),"Declining","Stable below target")))) -> On/above target | Q18: 14 | R18: =IF(OR(Q18="",BU18=""),"",Q18/BU18*100) -> 70 | S18: =IF(R18="","",IFERROR(MATCH(R18,INDEX(Boundaries!$B$2:$I$30,MATCH(CI18,Boundaries!$A$2:$A$30,0),0),1)-1,"")) -> 6 | T18: =IF(OR(S18="",$E18=""),"",S18-$E18) -> -0.2 | U18: 15 | V18: =IF(OR(U18="",BV18=""),"",U18/BV18*100) -> 75 | W18: =IF(V18="","",IFERROR(MATCH(V18,INDEX(Boundaries!$B$2:$I$30,MATCH(CJ18,Boundaries!$A$2:$A$30,0),0),1)-1,"")) -> 7 | X18: =IF(OR(W18="",$E18=""),"",W18-$E18) -> 0.8 | Y18: 16 | Z18: =IF(OR(Y18="",BW18=""),"",Y18/BW18*100) -> 80 | AA18: =IF(Z18="","",IFERROR(MATCH(Z18,INDEX(Boundaries!$B$2:$I$30,MATCH(CK18,Boundaries!$A$2:$A$30,0),0),1)-1,"")) -> 7 | AB18: =IF(OR(AA18="",$E18=""),"",AA18-$E18) -> 0.8 | AC18: 16 | AD18: =IF(OR(AC18="",BX18=""),"",AC18/BX18*100) -> 80 | AE18: =IF(AD18="","",IFERROR(MATCH(AD18,INDEX(Boundaries!$B$2:$I$30,MATCH(CL18,Boundaries!$A$2:$A$30,0),0),1)-1,"")) -> 7 | AF18: =IF(OR(AE18="",$E18=""),"",AE18-$E18) -> 0.8 | AG18: 14 | AH18: =IF(OR(AG18="",BY18=""),"",AG18/BY18*100) -> 70 | AI18: =IF(AH18="","",IFERROR(MATCH(AH18,INDEX(Boundaries!$B$2:$I$30,MATCH(CM18,Boundaries!$A$2:$A$30,0),0),1)-1,"")) -> 6 | AJ18: =IF(OR(AI18="",$E18=""),"",AI18-$E18) -> -0.2 | AK18: 29 | AL18: =IF(OR(AK18="",BZ18=""),"",AK18/BZ18*100) -> 72.5 | AM18: =IF(AL18="","",IFERROR(MATCH(AL18,INDEX(Boundaries!$B$2:$I$30,MATCH(CN18,Boundaries!$A$2:$A$30,0),0),1)-1,"")) -> 7 | AN18: =IF(OR(AM18="",$E18=""),"",AM18-$E18) -> 0.8 | AO18: 40 | AP18: =IF(OR(AO18="",CA18=""),"",AO18/CA18*100) -> 80 | AQ18: =IF(AP18="","",IFERROR(MATCH(AP18,INDEX(Boundaries!$B$2:$I$30,MATCH(CO18,Boundaries!$A$2:$A$30,0),0),1)-1,"")) -> 7 | AR18: =IF(OR(AQ18="",$E18=""),"",AQ18-$E18) -> 0.8 | AT18: =IF(OR(AS18="",CB18=""),"",AS18/CB18*100) | AU18: =IF(AT18="","",IFERROR(MATCH(AT18,INDEX(Boundaries!$B$2:$I$30,MATCH(CP18,Boundaries!$A$2:$A$30,0),0),1)-1,"")) | AV18: =IF(OR(AU18="",$E18=""),"",AU18-$E18) | AX18: =IF(OR(AW18="",CC18=""),"",AW18/CC18*100) | AY18: =IF(AX18="","",IFERROR(MATCH(AX18,INDEX(Boundaries!$B$2:$I$30,MATCH(CQ18,Boundaries!$A$2:$A$30,0),0),1)-1,"")) | AZ18: =IF(OR(AY18="",$E18=""),"",AY18-$E18) | BB18: =IF(OR(BA18="",CD18=""),"",BA18/CD18*100) | BC18: =IF(BB18="","",IFERROR(MATCH(BB18,INDEX(Boundaries!$B$2:$I$30,MATCH(CR18,Boundaries!$A$2:$A$30,0),0),1)-1,"")) | BD18: =IF(OR(BC18="",$E18=""),"",BC18-$E18) | BF18: =IF(OR(BE18="",CE18=""),"",BE18/CE18*100) | BG18: =IF(BF18="","",IFERROR(MATCH(BF18,INDEX(Boundaries!$B$2:$I$30,MATCH(CS18,Boundaries!$A$2:$A$30,0),0),1)-1,"")) | BH18: =IF(OR(BG18="",$E18=""),"",BG18-$E18) | BJ18: =IF(OR(BI18="",CF18=""),"",BI18/CF18*100) | BK18: =IF(BJ18="","",IFERROR(MATCH(BJ18,INDEX(Boundaries!$B$2:$I$30,MATCH(CT18,Boundaries!$A$2:$A$30,0),0),1)-1,"")) | BL18: =IF(OR(BK18="",$E18=""),"",BK18-$E18) | BN18: =IF(OR(BM18="",CG18=""),"",BM18/CG18*100) | BO18: =IF(BN18="","",IFERROR(MATCH(BN18,INDEX(Boundaries!$B$2:$I$30,MATCH(CU18,Boundaries!$A$2:$A$30,0),0),1)-1,"")) | BP18: =IF(OR(BO18="",$E18=""),"",BO18-$E18) | BR18: =IF(OR(BQ18="",CH18=""),"",BQ18/CH18*100) | BS18: =IF(BR18="","",IFERROR(MATCH(BR18,INDEX(Boundaries!$B$2:$I$30,MATCH(CV18,Boundaries!$A$2:$A$30,0),0),1)-1,"")) | BT18: =IF(OR(BS18="",$E18=""),"",BS18-$E18) | BU18: =IFERROR(INDEX(Assessments!$H$2:$H$600,MATCH($H18&"|"&$I18&"|"&$J18&"|"&1,Assessments!$A$2:$A$600,0)),"") -> 20 | BV18: =IFERROR(INDEX(Assessments!$H$2:$H$600,MATCH($H18&"|"&$I18&"|"&$J18&"|"&2,Assessments!$A$2:$A$600,0)),"") -> 20 | BW18: =IFERROR(INDEX(Assessments!$H$2:$H$600,MATCH($H18&"|"&$I18&"|"&$J18&"|"&3,Assessments!$A$2:$A$600,0)),"") -> 20 | BX18: =IFERROR(INDEX(Assessments!$H$2:$H$600,MATCH($H18&"|"&$I18&"|"&$J18&"|"&4,Assessments!$A$2:$A$600,0)),"") -> 20 | BY18: =IFERROR(INDEX(Assessments!$H$2:$H$600,MATCH($H18&"|"&$I18&"|"&$J18&"|"&5,Assessments!$A$2:$A$600,0)),"") -> 20 | BZ18: =IFERROR(INDEX(Assessments!$H$2:$H$600,MATCH($H18&"|"&$I18&"|"&$J18&"|"&6,Assessments!$A$2:$A$600,0)),"") -> 40 | CA18: =IFERROR(INDEX(Assessments!$H$2:$H$600,MATCH($H18&"|"&$I18&"|"&$J18&"|"&7,Assessments!$A$2:$A$600,0)),"") -> 50 | CB18: =IFERROR(INDEX(Assessments!$H$2:$H$600,MATCH($H18&"|"&$I18&"|"&$J18&"|"&8,Assessments!$A$2:$A$600,0)),"") -> 25 | CC18: =IFERROR(INDEX(Assessments!$H$2:$H$600,MATCH($H18&"|"&$I18&"|"&$J18&"|"&9,Assessments!$A$2:$A$600,0)),"") -> 16 | CD18: =IFERROR(INDEX(Assessments!$H$2:$H$600,MATCH($H18&"|"&$I18&"|"&$J18&"|"&10,Assessments!$A$2:$A$600,0)),"") -> 30 | CE18: =IFERROR(INDEX(Assessments!$H$2:$H$600,MATCH($H18&"|"&$I18&"|"&$J18&"|"&11,Assessments!$A$2:$A$600,0)),"") | CF18: =IFERROR(INDEX(Assessments!$H$2:$H$600,MATCH($H18&"|"&$I18&"|"&$J18&"|"&12,Assessments!$A$2:$A$600,0)),"") | CG18: =IFERROR(INDEX(Assessments!$H$2:$H$600,MATCH($H18&"|"&$I18&"|"&$J18&"|"&13,Assessments!$A$2:$A$600,0)),"") | CH18: =IFERROR(INDEX(Assessments!$H$2:$H$600,MATCH($H18&"|"&$I18&"|"&$J18&"|"&14,Assessments!$A$2:$A$600,0)),"") | CI18: =IFERROR(INDEX(Assessments!$I$2:$I$600,MATCH($H18&"|"&$I18&"|"&$J18&"|"&1,Assessments!$A$2:$A$600,0)),"") -> Geog Paper 1 | CJ18: =IFERROR(INDEX(Assessments!$I$2:$I$600,MATCH($H18&"|"&$I18&"|"&$J18&"|"&2,Assessments!$A$2:$A$600,0)),"") -> Geog Paper 1 | CK18: =IFERROR(INDEX(Assessments!$I$2:$I$600,MATCH($H18&"|"&$I18&"|"&$J18&"|"&3,Assessments!$A$2:$A$600,0)),"") -> Geog Paper 2 | CL18: =IFERROR(INDEX(Assessments!$I$2:$I$600,MATCH($H18&"|"&$I18&"|"&$J18&"|"&4,Assessments!$A$2:$A$600,0)),"") -> Geog Paper 1 | CM18: =IFERROR(INDEX(Assessments!$I$2:$I$600,MATCH($H18&"|"&$I18&"|"&$J18&"|"&5,Assessments!$A$2:$A$600,0)),"") -> Geog Paper 1 | CN18: =IFERROR(INDEX(Assessments!$I$2:$I$600,MATCH($H18&"|"&$I18&"|"&$J18&"|"&6,Assessments!$A$2:$A$600,0)),"") -> Geog Paper 1 | CO18: =IFERROR(INDEX(Assessments!$I$2:$I$600,MATCH($H18&"|"&$I18&"|"&$J18&"|"&7,Assessments!$A$2:$A$600,0)),"") -> Geog Paper 2 | CP18: =IFERROR(INDEX(Assessments!$I$2:$I$600,MATCH($H18&"|"&$I18&"|"&$J18&"|"&8,Assessments!$A$2:$A$600,0)),"") -> Geog Paper 2 | CQ18: =IFERROR(INDEX(Assessments!$I$2:$I$600,MATCH($H18&"|"&$I18&"|"&$J18&"|"&9,Assessments!$A$2:$A$600,0)),"") -> Geog Paper 3 | CR18: =IFERROR(INDEX(Assessments!$I$2:$I$600,MATCH($H18&"|"&$I18&"|"&$J18&"|"&10,Assessments!$A$2:$A$600,0)),"") -> Geog Paper 2 | CS18: =IFERROR(INDEX(Assessments!$I$2:$I$600,MATCH($H18&"|"&$I18&"|"&$J18&"|"&11,Assessments!$A$2:$A$600,0)),"") | CT18: =IFERROR(INDEX(Assessments!$I$2:$I$600,MATCH($H18&"|"&$I18&"|"&$J18&"|"&12,Assessments!$A$2:$A$600,0)),"") | CU18: =IFERROR(INDEX(Assessments!$I$2:$I$600,MATCH($H18&"|"&$I18&"|"&$J18&"|"&13,Assessments!$A$2:$A$600,0)),"") | CV18: =IFERROR(INDEX(Assessments!$I$2:$I$600,MATCH($H18&"|"&$I18&"|"&$J18&"|"&14,Assessments!$A$2:$A$600,0)),"") | CW18: =IFERROR(INDEX(Assessments!$J$2:$J$600,MATCH($H18&"|"&$I18&"|"&$J18&"|"&1,Assessments!$A$2:$A$600,0)),0) -> 1 | CX18: =IFERROR(INDEX(Assessments!$J$2:$J$600,MATCH($H18&"|"&$I18&"|"&$J18&"|"&2,Assessments!$A$2:$A$600,0)),0) -> 1 | CY18: =IFERROR(INDEX(Assessments!$J$2:$J$600,MATCH($H18&"|"&$I18&"|"&$J18&"|"&3,Assessments!$A$2:$A$600,0)),0) -> 1 | CZ18: =IFERROR(INDEX(Assessments!$J$2:$J$600,MATCH($H18&"|"&$I18&"|"&$J18&"|"&4,Assessments!$A$2:$A$600,0)),0) -> 1 | DA18: =IFERROR(INDEX(Assessments!$J$2:$J$600,MATCH($H18&"|"&$I18&"|"&$J18&"|"&5,Assessments!$A$2:$A$600,0)),0) -> 1 | DB18: =IFERROR(INDEX(Assessments!$J$2:$J$600,MATCH($H18&"|"&$I18&"|"&$J18&"|"&6,Assessments!$A$2:$A$600,0)),0) -> 2 | DC18: =IFERROR(INDEX(Assessments!$J$2:$J$600,MATCH($H18&"|"&$I18&"|"&$J18&"|"&7,Assessments!$A$2:$A$600,0)),0) -> 2 | DD18: =IFERROR(INDEX(Assessments!$J$2:$J$600,MATCH($H18&"|"&$I18&"|"&$J18&"|"&8,Assessments!$A$2:$A$600,0)),0) -> 1 | DE18: =IFERROR(INDEX(Assessments!$J$2:$J$600,MATCH($H18&"|"&$I18&"|"&$J18&"|"&9,Assessments!$A$2:$A$600,0)),0) -> 1 | DF18: =IFERROR(INDEX(Assessments!$J$2:$J$600,MATCH($H18&"|"&$I18&"|"&$J18&"|"&10,Assessments!$A$2:$A$600,0)),0) -> 1 | DG18: =IFERROR(INDEX(Assessments!$J$2:$J$600,MATCH($H18&"|"&$I18&"|"&$J18&"|"&11,Assessments!$A$2:$A$600,0)),0) -> 0 | DH18: =IFERROR(INDEX(Assessments!$J$2:$J$600,MATCH($H18&"|"&$I18&"|"&$J18&"|"&12,Assessments!$A$2:$A$600,0)),0) -> 0 | DI18: =IFERROR(INDEX(Assessments!$J$2:$J$600,MATCH($H18&"|"&$I18&"|"&$J18&"|"&13,Assessments!$A$2:$A$600,0)),0) -> 0 | DJ18: =IFERROR(INDEX(Assessments!$J$2:$J$600,MATCH($H18&"|"&$I18&"|"&$J18&"|"&14,Assessments!$A$2:$A$600,0)),0) -> 0 | DK18: =S18 -> 6 | DL18: =W18 -> 7 | DM18: =AA18 -> 7 | DN18: =AE18 -> 7 | DO18: =AI18 -> 6 | DP18: =AM18 -> 7 | DQ18: =AQ18 -> 7 | DR18: =AU18 | DS18: =AY18 | DT18: =BC18 | DU18: =BG18 | DV18: =BK18 | DW18: =BO18 | DX18: =BS18 | DY18: =IF(ISNUMBER(S18),1,"") -> 1 | DZ18: =IF(ISNUMBER(W18),2,"") -> 2 | EA18: =IF(ISNUMBER(AA18),3,"") -> 3 | EB18: =IF(ISNUMBER(AE18),4,"") -> 4 | EC18: =IF(ISNUMBER(AI18),5,"") -> 5 | ED18: =IF(ISNUMBER(AM18),6,"") -> 6 | EE18: =IF(ISNUMBER(AQ18),7,"") -> 7 | EF18: =IF(ISNUMBER(AU18),8,"") | EG18: =IF(ISNUMBER(AY18),9,"") | EH18: =IF(ISNUMBER(BC18),10,"") | EI18: =IF(ISNUMBER(BG18),11,"") | EJ18: =IF(ISNUMBER(BK18),12,"") | EK18: =IF(ISNUMBER(BO18),13,"") | EL18: =IF(ISNUMBER(BS18),14,"") | EM18: =IF(ISNUMBER(R18),R18*CW18,0) -> 70 | EN18: =IF(ISNUMBER(V18),V18*CX18,0) -> 75 | EO18: =IF(ISNUMBER(Z18),Z18*CY18,0) -> 80 | EP18: =IF(ISNUMBER(AD18),AD18*CZ18,0) -> 80 | EQ18: =IF(ISNUMBER(AH18),AH18*DA18,0) -> 70 | ER18: =IF(ISNUMBER(AL18),AL18*DB18,0) -> 145 | ES18: =IF(ISNUMBER(AP18),AP18*DC18,0) -> 160 | ET18: =IF(ISNUMBER(AT18),AT18*DD18,0) -> 0 | EU18: =IF(ISNUMBER(AX18),AX18*DE18,0) -> 0 | EV18: =IF(ISNUMBER(BB18),BB18*DF18,0) -> 0 | EW18: =IF(ISNUMBER(BF18),BF18*DG18,0) -> 0 | EX18: =IF(ISNUMBER(BJ18),BJ18*DH18,0) -> 0 | EY18: =IF(ISNUMBER(BN18),BN18*DI18,0) -> 0 | EZ18: =IF(ISNUMBER(BR18),BR18*DJ18,0) -> 0 | FA18: =IF(ISNUMBER(R18),CW18,0) -> 1 | FB18: =IF(ISNUMBER(V18),CX18,0) -> 1 | FC18: =IF(ISNUMBER(Z18),CY18,0) -> 1 | FD18: =IF(ISNUMBER(AD18),CZ18,0) -> 1 | FE18: =IF(ISNUMBER(AH18),DA18,0) -> 1 | FF18: =IF(ISNUMBER(AL18),DB18,0) -> 2 | FG18: =IF(ISNUMBER(AP18),DC18,0) -> 2 | FH18: =IF(ISNUMBER(AT18),DD18,0) -> 0 | FI18: =IF(ISNUMBER(AX18),DE18,0) -> 0 | FJ18: =IF(ISNUMBER(BB18),DF18,0) -> 0 | FK18: =IF(ISNUMBER(BF18),DG18,0) -> 0 | FL18: =IF(ISNUMBER(BJ18),DH18,0) -> 0 | FM18: =IF(ISNUMBER(BN18),DI18,0) -> 0 | FN18: =IF(ISNUMBER(BR18),DJ18,0) -> 0 | FO18: =IFERROR(INDEX(Lists!$G$2:$G$20,MATCH($I18&"|"&$J18,Lists!$F$2:$F$20,0)),"") -> Geog Overall HL
A19: Khadeejah | B19: Saboor Khilji | C19: 12.3 | D19: KEWR | E19: 5.8 | F19: 6 | H19: Grad 2027 | I19: IB Geography | J19: HL | K19: =IF(OR(M19="",$E19=""),"",M19-$E19) -> 0.2 | L19: =IF(SUM(FA19:FN19)=0,"",SUM(EM19:EZ19)/SUM(FA19:FN19)) -> 71.888889 | M19: =IF(OR(L19="",FO19=""),"",IFERROR(MATCH(L19,INDEX(Boundaries!$B$2:$I$30,MATCH(FO19,Boundaries!$A$2:$A$30,0),0),1)-1,"")) -> 6 | N19: =IF(COUNT($DY19:$EL19)<2,"",INDEX($DK19:$DX19,MAX($DY19:$EL19))-INDEX($DK19:$DX19,MIN($DY19:$EL19))) -> 1 | O19: =IF(COUNT($DY19:$EL19)<2,"",INDEX($DK19:$DX19,MAX($DY19:$EL19))-INDEX($DK19:$DX19,LARGE($DY19:$EL19,2))) -> 0 | P19: =IF(K19="","",IF(K19>=0,"On/above target",IF(AND(N19<>"",N19>=0.5),"Improving towards target",IF(AND(O19<>"",O19<=-0.5),"Declining","Stable below target")))) -> On/above target | Q19: 11 | R19: =IF(OR(Q19="",BU19=""),"",Q19/BU19*100) -> 55 | S19: =IF(R19="","",IFERROR(MATCH(R19,INDEX(Boundaries!$B$2:$I$30,MATCH(CI19,Boundaries!$A$2:$A$30,0),0),1)-1,"")) -> 5 | T19: =IF(OR(S19="",$E19=""),"",S19-$E19) -> -0.8 | U19: 16 | V19: =IF(OR(U19="",BV19=""),"",U19/BV19*100) -> 80 | W19: =IF(V19="","",IFERROR(MATCH(V19,INDEX(Boundaries!$B$2:$I$30,MATCH(CJ19,Boundaries!$A$2:$A$30,0),0),1)-1,"")) -> 7 | X19: =IF(OR(W19="",$E19=""),"",W19-$E19) -> 1.2 | Y19: 15 | Z19: =IF(OR(Y19="",BW19=""),"",Y19/BW19*100) -> 75 | AA19: =IF(Z19="","",IFERROR(MATCH(Z19,INDEX(Boundaries!$B$2:$I$30,MATCH(CK19,Boundaries!$A$2:$A$30,0),0),1)-1,"")) -> 6 | AB19: =IF(OR(AA19="",$E19=""),"",AA19-$E19) -> 0.2 | AC19: 13 | AD19: =IF(OR(AC19="",BX19=""),"",AC19/BX19*100) -> 65 | AE19: =IF(AD19="","",IFERROR(MATCH(AD19,INDEX(Boundaries!$B$2:$I$30,MATCH(CL19,Boundaries!$A$2:$A$30,0),0),1)-1,"")) -> 6 | AF19: =IF(OR(AE19="",$E19=""),"",AE19-$E19) -> 0.2 | AG19: 17 | AH19: =IF(OR(AG19="",BY19=""),"",AG19/BY19*100) -> 85 | AI19: =IF(AH19="","",IFERROR(MATCH(AH19,INDEX(Boundaries!$B$2:$I$30,MATCH(CM19,Boundaries!$A$2:$A$30,0),0),1)-1,"")) -> 7 | AJ19: =IF(OR(AI19="",$E19=""),"",AI19-$E19) -> 1.2 | AK19: 27 | AL19: =IF(OR(AK19="",BZ19=""),"",AK19/BZ19*100) -> 67.5 | AM19: =IF(AL19="","",IFERROR(MATCH(AL19,INDEX(Boundaries!$B$2:$I$30,MATCH(CN19,Boundaries!$A$2:$A$30,0),0),1)-1,"")) -> 6 | AN19: =IF(OR(AM19="",$E19=""),"",AM19-$E19) -> 0.2 | AO19: 38 | AP19: =IF(OR(AO19="",CA19=""),"",AO19/CA19*100) -> 76 | AQ19: =IF(AP19="","",IFERROR(MATCH(AP19,INDEX(Boundaries!$B$2:$I$30,MATCH(CO19,Boundaries!$A$2:$A$30,0),0),1)-1,"")) -> 6 | AR19: =IF(OR(AQ19="",$E19=""),"",AQ19-$E19) -> 0.2 | AT19: =IF(OR(AS19="",CB19=""),"",AS19/CB19*100) | AU19: =IF(AT19="","",IFERROR(MATCH(AT19,INDEX(Boundaries!$B$2:$I$30,MATCH(CP19,Boundaries!$A$2:$A$30,0),0),1)-1,"")) | AV19: =IF(OR(AU19="",$E19=""),"",AU19-$E19) | AX19: =IF(OR(AW19="",CC19=""),"",AW19/CC19*100) | AY19: =IF(AX19="","",IFERROR(MATCH(AX19,INDEX(Boundaries!$B$2:$I$30,MATCH(CQ19,Boundaries!$A$2:$A$30,0),0),1)-1,"")) | AZ19: =IF(OR(AY19="",$E19=""),"",AY19-$E19) | BB19: =IF(OR(BA19="",CD19=""),"",BA19/CD19*100) | BC19: =IF(BB19="","",IFERROR(MATCH(BB19,INDEX(Boundaries!$B$2:$I$30,MATCH(CR19,Boundaries!$A$2:$A$30,0),0),1)-1,"")) | BD19: =IF(OR(BC19="",$E19=""),"",BC19-$E19) | BF19: =IF(OR(BE19="",CE19=""),"",BE19/CE19*100) | BG19: =IF(BF19="","",IFERROR(MATCH(BF19,INDEX(Boundaries!$B$2:$I$30,MATCH(CS19,Boundaries!$A$2:$A$30,0),0),1)-1,"")) | BH19: =IF(OR(BG19="",$E19=""),"",BG19-$E19) | BJ19: =IF(OR(BI19="",CF19=""),"",BI19/CF19*100) | BK19: =IF(BJ19="","",IFERROR(MATCH(BJ19,INDEX(Boundaries!$B$2:$I$30,MATCH(CT19,Boundaries!$A$2:$A$30,0),0),1)-1,"")) | BL19: =IF(OR(BK19="",$E19=""),"",BK19-$E19) | BN19: =IF(OR(BM19="",CG19=""),"",BM19/CG19*100) | BO19: =IF(BN19="","",IFERROR(MATCH(BN19,INDEX(Boundaries!$B$2:$I$30,MATCH(CU19,Boundaries!$A$2:$A$30,0),0),1)-1,"")) | BP19: =IF(OR(BO19="",$E19=""),"",BO19-$E19) | BR19: =IF(OR(BQ19="",CH19=""),"",BQ19/CH19*100) | BS19: =IF(BR19="","",IFERROR(MATCH(BR19,INDEX(Boundaries!$B$2:$I$30,MATCH(CV19,Boundaries!$A$2:$A$30,0),0),1)-1,"")) | BT19: =IF(OR(BS19="",$E19=""),"",BS19-$E19) | BU19: =IFERROR(INDEX(Assessments!$H$2:$H$600,MATCH($H19&"|"&$I19&"|"&$J19&"|"&1,Assessments!$A$2:$A$600,0)),"") -> 20 | BV19: =IFERROR(INDEX(Assessments!$H$2:$H$600,MATCH($H19&"|"&$I19&"|"&$J19&"|"&2,Assessments!$A$2:$A$600,0)),"") -> 20 | BW19: =IFERROR(INDEX(Assessments!$H$2:$H$600,MATCH($H19&"|"&$I19&"|"&$J19&"|"&3,Assessments!$A$2:$A$600,0)),"") -> 20 | BX19: =IFERROR(INDEX(Assessments!$H$2:$H$600,MATCH($H19&"|"&$I19&"|"&$J19&"|"&4,Assessments!$A$2:$A$600,0)),"") -> 20 | BY19: =IFERROR(INDEX(Assessments!$H$2:$H$600,MATCH($H19&"|"&$I19&"|"&$J19&"|"&5,Assessments!$A$2:$A$600,0)),"") -> 20 | BZ19: =IFERROR(INDEX(Assessments!$H$2:$H$600,MATCH($H19&"|"&$I19&"|"&$J19&"|"&6,Assessments!$A$2:$A$600,0)),"") -> 40 | CA19: =IFERROR(INDEX(Assessments!$H$2:$H$600,MATCH($H19&"|"&$I19&"|"&$J19&"|"&7,Assessments!$A$2:$A$600,0)),"") -> 50 | CB19: =IFERROR(INDEX(Assessments!$H$2:$H$600,MATCH($H19&"|"&$I19&"|"&$J19&"|"&8,Assessments!$A$2:$A$600,0)),"") -> 25 | CC19: =IFERROR(INDEX(Assessments!$H$2:$H$600,MATCH($H19&"|"&$I19&"|"&$J19&"|"&9,Assessments!$A$2:$A$600,0)),"") -> 16 | CD19: =IFERROR(INDEX(Assessments!$H$2:$H$600,MATCH($H19&"|"&$I19&"|"&$J19&"|"&10,Assessments!$A$2:$A$600,0)),"") -> 30 | CE19: =IFERROR(INDEX(Assessments!$H$2:$H$600,MATCH($H19&"|"&$I19&"|"&$J19&"|"&11,Assessments!$A$2:$A$600,0)),"") | CF19: =IFERROR(INDEX(Assessments!$H$2:$H$600,MATCH($H19&"|"&$I19&"|"&$J19&"|"&12,Assessments!$A$2:$A$600,0)),"") | CG19: =IFERROR(INDEX(Assessments!$H$2:$H$600,MATCH($H19&"|"&$I19&"|"&$J19&"|"&13,Assessments!$A$2:$A$600,0)),"") | CH19: =IFERROR(INDEX(Assessments!$H$2:$H$600,MATCH($H19&"|"&$I19&"|"&$J19&"|"&14,Assessments!$A$2:$A$600,0)),"") | CI19: =IFERROR(INDEX(Assessments!$I$2:$I$600,MATCH($H19&"|"&$I19&"|"&$J19&"|"&1,Assessments!$A$2:$A$600,0)),"") -> Geog Paper 1 | CJ19: =IFERROR(INDEX(Assessments!$I$2:$I$600,MATCH($H19&"|"&$I19&"|"&$J19&"|"&2,Assessments!$A$2:$A$600,0)),"") -> Geog Paper 1 | CK19: =IFERROR(INDEX(Assessments!$I$2:$I$600,MATCH($H19&"|"&$I19&"|"&$J19&"|"&3,Assessments!$A$2:$A$600,0)),"") -> Geog Paper 2 | CL19: =IFERROR(INDEX(Assessments!$I$2:$I$600,MATCH($H19&"|"&$I19&"|"&$J19&"|"&4,Assessments!$A$2:$A$600,0)),"") -> Geog Paper 1 | CM19: =IFERROR(INDEX(Assessments!$I$2:$I$600,MATCH($H19&"|"&$I19&"|"&$J19&"|"&5,Assessments!$A$2:$A$600,0)),"") -> Geog Paper 1 | CN19: =IFERROR(INDEX(Assessments!$I$2:$I$600,MATCH($H19&"|"&$I19&"|"&$J19&"|"&6,Assessments!$A$2:$A$600,0)),"") -> Geog Paper 1 | CO19: =IFERROR(INDEX(Assessments!$I$2:$I$600,MATCH($H19&"|"&$I19&"|"&$J19&"|"&7,Assessments!$A$2:$A$600,0)),"") -> Geog Paper 2 | CP19: =IFERROR(INDEX(Assessments!$I$2:$I$600,MATCH($H19&"|"&$I19&"|"&$J19&"|"&8,Assessments!$A$2:$A$600,0)),"") -> Geog Paper 2 | CQ19: =IFERROR(INDEX(Assessments!$I$2:$I$600,MATCH($H19&"|"&$I19&"|"&$J19&"|"&9,Assessments!$A$2:$A$600,0)),"") -> Geog Paper 3 | CR19: =IFERROR(INDEX(Assessments!$I$2:$I$600,MATCH($H19&"|"&$I19&"|"&$J19&"|"&10,Assessments!$A$2:$A$600,0)),"") -> Geog Paper 2 | CS19: =IFERROR(INDEX(Assessments!$I$2:$I$600,MATCH($H19&"|"&$I19&"|"&$J19&"|"&11,Assessments!$A$2:$A$600,0)),"") | CT19: =IFERROR(INDEX(Assessments!$I$2:$I$600,MATCH($H19&"|"&$I19&"|"&$J19&"|"&12,Assessments!$A$2:$A$600,0)),"") | CU19: =IFERROR(INDEX(Assessments!$I$2:$I$600,MATCH($H19&"|"&$I19&"|"&$J19&"|"&13,Assessments!$A$2:$A$600,0)),"") | CV19: =IFERROR(INDEX(Assessments!$I$2:$I$600,MATCH($H19&"|"&$I19&"|"&$J19&"|"&14,Assessments!$A$2:$A$600,0)),"") | CW19: =IFERROR(INDEX(Assessments!$J$2:$J$600,MATCH($H19&"|"&$I19&"|"&$J19&"|"&1,Assessments!$A$2:$A$600,0)),0) -> 1 | CX19: =IFERROR(INDEX(Assessments!$J$2:$J$600,MATCH($H19&"|"&$I19&"|"&$J19&"|"&2,Assessments!$A$2:$A$600,0)),0) -> 1 | CY19: =IFERROR(INDEX(Assessments!$J$2:$J$600,MATCH($H19&"|"&$I19&"|"&$J19&"|"&3,Assessments!$A$2:$A$600,0)),0) -> 1 | CZ19: =IFERROR(INDEX(Assessments!$J$2:$J$600,MATCH($H19&"|"&$I19&"|"&$J19&"|"&4,Assessments!$A$2:$A$600,0)),0) -> 1 | DA19: =IFERROR(INDEX(Assessments!$J$2:$J$600,MATCH($H19&"|"&$I19&"|"&$J19&"|"&5,Assessments!$A$2:$A$600,0)),0) -> 1 | DB19: =IFERROR(INDEX(Assessments!$J$2:$J$600,MATCH($H19&"|"&$I19&"|"&$J19&"|"&6,Assessments!$A$2:$A$600,0)),0) -> 2 | DC19: =IFERROR(INDEX(Assessments!$J$2:$J$600,MATCH($H19&"|"&$I19&"|"&$J19&"|"&7,Assessments!$A$2:$A$600,0)),0) -> 2 | DD19: =IFERROR(INDEX(Assessments!$J$2:$J$600,MATCH($H19&"|"&$I19&"|"&$J19&"|"&8,Assessments!$A$2:$A$600,0)),0) -> 1 | DE19: =IFERROR(INDEX(Assessments!$J$2:$J$600,MATCH($H19&"|"&$I19&"|"&$J19&"|"&9,Assessments!$A$2:$A$600,0)),0) -> 1 | DF19: =IFERROR(INDEX(Assessments!$J$2:$J$600,MATCH($H19&"|"&$I19&"|"&$J19&"|"&10,Assessments!$A$2:$A$600,0)),0) -> 1 | DG19: =IFERROR(INDEX(Assessments!$J$2:$J$600,MATCH($H19&"|"&$I19&"|"&$J19&"|"&11,Assessments!$A$2:$A$600,0)),0) -> 0 | DH19: =IFERROR(INDEX(Assessments!$J$2:$J$600,MATCH($H19&"|"&$I19&"|"&$J19&"|"&12,Assessments!$A$2:$A$600,0)),0) -> 0 | DI19: =IFERROR(INDEX(Assessments!$J$2:$J$600,MATCH($H19&"|"&$I19&"|"&$J19&"|"&13,Assessments!$A$2:$A$600,0)),0) -> 0 | DJ19: =IFERROR(INDEX(Assessments!$J$2:$J$600,MATCH($H19&"|"&$I19&"|"&$J19&"|"&14,Assessments!$A$2:$A$600,0)),0) -> 0 | DK19: =S19 -> 5 | DL19: =W19 -> 7 | DM19: =AA19 -> 6 | DN19: =AE19 -> 6 | DO19: =AI19 -> 7 | DP19: =AM19 -> 6 | DQ19: =AQ19 -> 6 | DR19: =AU19 | DS19: =AY19 | DT19: =BC19 | DU19: =BG19 | DV19: =BK19 | DW19: =BO19 | DX19: =BS19 | DY19: =IF(ISNUMBER(S19),1,"") -> 1 | DZ19: =IF(ISNUMBER(W19),2,"") -> 2 | EA19: =IF(ISNUMBER(AA19),3,"") -> 3 | EB19: =IF(ISNUMBER(AE19),4,"") -> 4 | EC19: =IF(ISNUMBER(AI19),5,"") -> 5 | ED19: =IF(ISNUMBER(AM19),6,"") -> 6 | EE19: =IF(ISNUMBER(AQ19),7,"") -> 7 | EF19: =IF(ISNUMBER(AU19),8,"") | EG19: =IF(ISNUMBER(AY19),9,"") | EH19: =IF(ISNUMBER(BC19),10,"") | EI19: =IF(ISNUMBER(BG19),11,"") | EJ19: =IF(ISNUMBER(BK19),12,"") | EK19: =IF(ISNUMBER(BO19),13,"") | EL19: =IF(ISNUMBER(BS19),14,"") | EM19: =IF(ISNUMBER(R19),R19*CW19,0) -> 55 | EN19: =IF(ISNUMBER(V19),V19*CX19,0) -> 80 | EO19: =IF(ISNUMBER(Z19),Z19*CY19,0) -> 75 | EP19: =IF(ISNUMBER(AD19),AD19*CZ19,0) -> 65 | EQ19: =IF(ISNUMBER(AH19),AH19*DA19,0) -> 85 | ER19: =IF(ISNUMBER(AL19),AL19*DB19,0) -> 135 | ES19: =IF(ISNUMBER(AP19),AP19*DC19,0) -> 152 | ET19: =IF(ISNUMBER(AT19),AT19*DD19,0) -> 0 | EU19: =IF(ISNUMBER(AX19),AX19*DE19,0) -> 0 | EV19: =IF(ISNUMBER(BB19),BB19*DF19,0) -> 0 | EW19: =IF(ISNUMBER(BF19),BF19*DG19,0) -> 0 | EX19: =IF(ISNUMBER(BJ19),BJ19*DH19,0) -> 0 | EY19: =IF(ISNUMBER(BN19),BN19*DI19,0) -> 0 | EZ19: =IF(ISNUMBER(BR19),BR19*DJ19,0) -> 0 | FA19: =IF(ISNUMBER(R19),CW19,0) -> 1 | FB19: =IF(ISNUMBER(V19),CX19,0) -> 1 | FC19: =IF(ISNUMBER(Z19),CY19,0) -> 1 | FD19: =IF(ISNUMBER(AD19),CZ19,0) -> 1 | FE19: =IF(ISNUMBER(AH19),DA19,0) -> 1 | FF19: =IF(ISNUMBER(AL19),DB19,0) -> 2 | FG19: =IF(ISNUMBER(AP19),DC19,0) -> 2 | FH19: =IF(ISNUMBER(AT19),DD19,0) -> 0 | FI19: =IF(ISNUMBER(AX19),DE19,0) -> 0 | FJ19: =IF(ISNUMBER(BB19),DF19,0) -> 0 | FK19: =IF(ISNUMBER(BF19),DG19,0) -> 0 | FL19: =IF(ISNUMBER(BJ19),DH19,0) -> 0 | FM19: =IF(ISNUMBER(BN19),DI19,0) -> 0 | FN19: =IF(ISNUMBER(BR19),DJ19,0) -> 0 | FO19: =IFERROR(INDEX(Lists!$G$2:$G$20,MATCH($I19&"|"&$J19,Lists!$F$2:$F$20,0)),"") -> Geog Overall HL
A20: Vivaan | B20: Sehgal | C20: 12.3 | D20: KEWR | E20: 6.4 | F20: 7 | H20: Grad 2027 | I20: IB Geography | J20: HL | K20: =IF(OR(M20="",$E20=""),"",M20-$E20) -> 0.6 | L20: =IF(SUM(FA20:FN20)=0,"",SUM(EM20:EZ20)/SUM(FA20:FN20)) -> 76.333333 | M20: =IF(OR(L20="",FO20=""),"",IFERROR(MATCH(L20,INDEX(Boundaries!$B$2:$I$30,MATCH(FO20,Boundaries!$A$2:$A$30,0),0),1)-1,"")) -> 7 | N20: =IF(COUNT($DY20:$EL20)<2,"",INDEX($DK20:$DX20,MAX($DY20:$EL20))-INDEX($DK20:$DX20,MIN($DY20:$EL20))) -> 0 | O20: =IF(COUNT($DY20:$EL20)<2,"",INDEX($DK20:$DX20,MAX($DY20:$EL20))-INDEX($DK20:$DX20,LARGE($DY20:$EL20,2))) -> 0 | P20: =IF(K20="","",IF(K20>=0,"On/above target",IF(AND(N20<>"",N20>=0.5),"Improving towards target",IF(AND(O20<>"",O20<=-0.5),"Declining","Stable below target")))) -> On/above target | Q20: 16 | R20: =IF(OR(Q20="",BU20=""),"",Q20/BU20*100) -> 80 | S20: =IF(R20="","",IFERROR(MATCH(R20,INDEX(Boundaries!$B$2:$I$30,MATCH(CI20,Boundaries!$A$2:$A$30,0),0),1)-1,"")) -> 7 | T20: =IF(OR(S20="",$E20=""),"",S20-$E20) -> 0.6 | U20: 16 | V20: =IF(OR(U20="",BV20=""),"",U20/BV20*100) -> 80 | W20: =IF(V20="","",IFERROR(MATCH(V20,INDEX(Boundaries!$B$2:$I$30,MATCH(CJ20,Boundaries!$A$2:$A$30,0),0),1)-1,"")) -> 7 | X20: =IF(OR(W20="",$E20=""),"",W20-$E20) -> 0.6 | Y20: 14 | Z20: =IF(OR(Y20="",BW20=""),"",Y20/BW20*100) -> 70 | AA20: =IF(Z20="","",IFERROR(MATCH(Z20,INDEX(Boundaries!$B$2:$I$30,MATCH(CK20,Boundaries!$A$2:$A$30,0),0),1)-1,"")) -> 6 | AB20: =IF(OR(AA20="",$E20=""),"",AA20-$E20) -> -0.4 | AC20: 10 | AD20: =IF(OR(AC20="",BX20=""),"",AC20/BX20*100) -> 50 | AE20: =IF(AD20="","",IFERROR(MATCH(AD20,INDEX(Boundaries!$B$2:$I$30,MATCH(CL20,Boundaries!$A$2:$A$30,0),0),1)-1,"")) -> 4 | AF20: =IF(OR(AE20="",$E20=""),"",AE20-$E20) -> -2.4 | AG20: 16 | AH20: =IF(OR(AG20="",BY20=""),"",AG20/BY20*100) -> 80 | AI20: =IF(AH20="","",IFERROR(MATCH(AH20,INDEX(Boundaries!$B$2:$I$30,MATCH(CM20,Boundaries!$A$2:$A$30,0),0),1)-1,"")) -> 7 | AJ20: =IF(OR(AI20="",$E20=""),"",AI20-$E20) -> 0.6 | AK20: 31 | AL20: =IF(OR(AK20="",BZ20=""),"",AK20/BZ20*100) -> 77.5 | AM20: =IF(AL20="","",IFERROR(MATCH(AL20,INDEX(Boundaries!$B$2:$I$30,MATCH(CN20,Boundaries!$A$2:$A$30,0),0),1)-1,"")) -> 7 | AN20: =IF(OR(AM20="",$E20=""),"",AM20-$E20) -> 0.6 | AO20: 43 | AP20: =IF(OR(AO20="",CA20=""),"",AO20/CA20*100) -> 86 | AQ20: =IF(AP20="","",IFERROR(MATCH(AP20,INDEX(Boundaries!$B$2:$I$30,MATCH(CO20,Boundaries!$A$2:$A$30,0),0),1)-1,"")) -> 7 | AR20: =IF(OR(AQ20="",$E20=""),"",AQ20-$E20) -> 0.6 | AT20: =IF(OR(AS20="",CB20=""),"",AS20/CB20*100) | AU20: =IF(AT20="","",IFERROR(MATCH(AT20,INDEX(Boundaries!$B$2:$I$30,MATCH(CP20,Boundaries!$A$2:$A$30,0),0),1)-1,"")) | AV20: =IF(OR(AU20="",$E20=""),"",AU20-$E20) | AX20: =IF(OR(AW20="",CC20=""),"",AW20/CC20*100) | AY20: =IF(AX20="","",IFERROR(MATCH(AX20,INDEX(Boundaries!$B$2:$I$30,MATCH(CQ20,Boundaries!$A$2:$A$30,0),0),1)-1,"")) | AZ20: =IF(OR(AY20="",$E20=""),"",AY20-$E20) | BB20: =IF(OR(BA20="",CD20=""),"",BA20/CD20*100) | BC20: =IF(BB20="","",IFERROR(MATCH(BB20,INDEX(Boundaries!$B$2:$I$30,MATCH(CR20,Boundaries!$A$2:$A$30,0),0),1)-1,"")) | BD20: =IF(OR(BC20="",$E20=""),"",BC20-$E20) | BF20: =IF(OR(BE20="",CE20=""),"",BE20/CE20*100) | BG20: =IF(BF20="","",IFERROR(MATCH(BF20,INDEX(Boundaries!$B$2:$I$30,MATCH(CS20,Boundaries!$A$2:$A$30,0),0),1)-1,"")) | BH20: =IF(OR(BG20="",$E20=""),"",BG20-$E20) | BJ20: =IF(OR(BI20="",CF20=""),"",BI20/CF20*100) | BK20: =IF(BJ20="","",IFERROR(MATCH(BJ20,INDEX(Boundaries!$B$2:$I$30,MATCH(CT20,Boundaries!$A$2:$A$30,0),0),1)-1,"")) | BL20: =IF(OR(BK20="",$E20=""),"",BK20-$E20) | BN20: =IF(OR(BM20="",CG20=""),"",BM20/CG20*100) | BO20: =IF(BN20="","",IFERROR(MATCH(BN20,INDEX(Boundaries!$B$2:$I$30,MATCH(CU20,Boundaries!$A$2:$A$30,0),0),1)-1,"")) | BP20: =IF(OR(BO20="",$E20=""),"",BO20-$E20) | BR20: =IF(OR(BQ20="",CH20=""),"",BQ20/CH20*100) | BS20: =IF(BR20="","",IFERROR(MATCH(BR20,INDEX(Boundaries!$B$2:$I$30,MATCH(CV20,Boundaries!$A$2:$A$30,0),0),1)-1,"")) | BT20: =IF(OR(BS20="",$E20=""),"",BS20-$E20) | BU20: =IFERROR(INDEX(Assessments!$H$2:$H$600,MATCH($H20&"|"&$I20&"|"&$J20&"|"&1,Assessments!$A$2:$A$600,0)),"") -> 20 | BV20: =IFERROR(INDEX(Assessments!$H$2:$H$600,MATCH($H20&"|"&$I20&"|"&$J20&"|"&2,Assessments!$A$2:$A$600,0)),"") -> 20 | BW20: =IFERROR(INDEX(Assessments!$H$2:$H$600,MATCH($H20&"|"&$I20&"|"&$J20&"|"&3,Assessments!$A$2:$A$600,0)),"") -> 20 | BX20: =IFERROR(INDEX(Assessments!$H$2:$H$600,MATCH($H20&"|"&$I20&"|"&$J20&"|"&4,Assessments!$A$2:$A$600,0)),"") -> 20 | BY20: =IFERROR(INDEX(Assessments!$H$2:$H$600,MATCH($H20&"|"&$I20&"|"&$J20&"|"&5,Assessments!$A$2:$A$600,0)),"") -> 20 | BZ20: =IFERROR(INDEX(Assessments!$H$2:$H$600,MATCH($H20&"|"&$I20&"|"&$J20&"|"&6,Assessments!$A$2:$A$600,0)),"") -> 40 | CA20: =IFERROR(INDEX(Assessments!$H$2:$H$600,MATCH($H20&"|"&$I20&"|"&$J20&"|"&7,Assessments!$A$2:$A$600,0)),"") -> 50 | CB20: =IFERROR(INDEX(Assessments!$H$2:$H$600,MATCH($H20&"|"&$I20&"|"&$J20&"|"&8,Assessments!$A$2:$A$600,0)),"") -> 25 | CC20: =IFERROR(INDEX(Assessments!$H$2:$H$600,MATCH($H20&"|"&$I20&"|"&$J20&"|"&9,Assessments!$A$2:$A$600,0)),"") -> 16 | CD20: =IFERROR(INDEX(Assessments!$H$2:$H$600,MATCH($H20&"|"&$I20&"|"&$J20&"|"&10,Assessments!$A$2:$A$600,0)),"") -> 30 | CE20: =IFERROR(INDEX(Assessments!$H$2:$H$600,MATCH($H20&"|"&$I20&"|"&$J20&"|"&11,Assessments!$A$2:$A$600,0)),"") | CF20: =IFERROR(INDEX(Assessments!$H$2:$H$600,MATCH($H20&"|"&$I20&"|"&$J20&"|"&12,Assessments!$A$2:$A$600,0)),"") | CG20: =IFERROR(INDEX(Assessments!$H$2:$H$600,MATCH($H20&"|"&$I20&"|"&$J20&"|"&13,Assessments!$A$2:$A$600,0)),"") | CH20: =IFERROR(INDEX(Assessments!$H$2:$H$600,MATCH($H20&"|"&$I20&"|"&$J20&"|"&14,Assessments!$A$2:$A$600,0)),"") | CI20: =IFERROR(INDEX(Assessments!$I$2:$I$600,MATCH($H20&"|"&$I20&"|"&$J20&"|"&1,Assessments!$A$2:$A$600,0)),"") -> Geog Paper 1 | CJ20: =IFERROR(INDEX(Assessments!$I$2:$I$600,MATCH($H20&"|"&$I20&"|"&$J20&"|"&2,Assessments!$A$2:$A$600,0)),"") -> Geog Paper 1 | CK20: =IFERROR(INDEX(Assessments!$I$2:$I$600,MATCH($H20&"|"&$I20&"|"&$J20&"|"&3,Assessments!$A$2:$A$600,0)),"") -> Geog Paper 2 | CL20: =IFERROR(INDEX(Assessments!$I$2:$I$600,MATCH($H20&"|"&$I20&"|"&$J20&"|"&4,Assessments!$A$2:$A$600,0)),"") -> Geog Paper 1 | CM20: =IFERROR(INDEX(Assessments!$I$2:$I$600,MATCH($H20&"|"&$I20&"|"&$J20&"|"&5,Assessments!$A$2:$A$600,0)),"") -> Geog Paper 1 | CN20: =IFERROR(INDEX(Assessments!$I$2:$I$600,MATCH($H20&"|"&$I20&"|"&$J20&"|"&6,Assessments!$A$2:$A$600,0)),"") -> Geog Paper 1 | CO20: =IFERROR(INDEX(Assessments!$I$2:$I$600,MATCH($H20&"|"&$I20&"|"&$J20&"|"&7,Assessments!$A$2:$A$600,0)),"") -> Geog Paper 2 | CP20: =IFERROR(INDEX(Assessments!$I$2:$I$600,MATCH($H20&"|"&$I20&"|"&$J20&"|"&8,Assessments!$A$2:$A$600,0)),"") -> Geog Paper 2 | CQ20: =IFERROR(INDEX(Assessments!$I$2:$I$600,MATCH($H20&"|"&$I20&"|"&$J20&"|"&9,Assessments!$A$2:$A$600,0)),"") -> Geog Paper 3 | CR20: =IFERROR(INDEX(Assessments!$I$2:$I$600,MATCH($H20&"|"&$I20&"|"&$J20&"|"&10,Assessments!$A$2:$A$600,0)),"") -> Geog Paper 2 | CS20: =IFERROR(INDEX(Assessments!$I$2:$I$600,MATCH($H20&"|"&$I20&"|"&$J20&"|"&11,Assessments!$A$2:$A$600,0)),"") | CT20: =IFERROR(INDEX(Assessments!$I$2:$I$600,MATCH($H20&"|"&$I20&"|"&$J20&"|"&12,Assessments!$A$2:$A$600,0)),"") | CU20: =IFERROR(INDEX(Assessments!$I$2:$I$600,MATCH($H20&"|"&$I20&"|"&$J20&"|"&13,Assessments!$A$2:$A$600,0)),"") | CV20: =IFERROR(INDEX(Assessments!$I$2:$I$600,MATCH($H20&"|"&$I20&"|"&$J20&"|"&14,Assessments!$A$2:$A$600,0)),"") | CW20: =IFERROR(INDEX(Assessments!$J$2:$J$600,MATCH($H20&"|"&$I20&"|"&$J20&"|"&1,Assessments!$A$2:$A$600,0)),0) -> 1 | CX20: =IFERROR(INDEX(Assessments!$J$2:$J$600,MATCH($H20&"|"&$I20&"|"&$J20&"|"&2,Assessments!$A$2:$A$600,0)),0) -> 1 | CY20: =IFERROR(INDEX(Assessments!$J$2:$J$600,MATCH($H20&"|"&$I20&"|"&$J20&"|"&3,Assessments!$A$2:$A$600,0)),0) -> 1 | CZ20: =IFERROR(INDEX(Assessments!$J$2:$J$600,MATCH($H20&"|"&$I20&"|"&$J20&"|"&4,Assessments!$A$2:$A$600,0)),0) -> 1 | DA20: =IFERROR(INDEX(Assessments!$J$2:$J$600,MATCH($H20&"|"&$I20&"|"&$J20&"|"&5,Assessments!$A$2:$A$600,0)),0) -> 1 | DB20: =IFERROR(INDEX(Assessments!$J$2:$J$600,MATCH($H20&"|"&$I20&"|"&$J20&"|"&6,Assessments!$A$2:$A$600,0)),0) -> 2 | DC20: =IFERROR(INDEX(Assessments!$J$2:$J$600,MATCH($H20&"|"&$I20&"|"&$J20&"|"&7,Assessments!$A$2:$A$600,0)),0) -> 2 | DD20: =IFERROR(INDEX(Assessments!$J$2:$J$600,MATCH($H20&"|"&$I20&"|"&$J20&"|"&8,Assessments!$A$2:$A$600,0)),0) -> 1 | DE20: =IFERROR(INDEX(Assessments!$J$2:$J$600,MATCH($H20&"|"&$I20&"|"&$J20&"|"&9,Assessments!$A$2:$A$600,0)),0) -> 1 | DF20: =IFERROR(INDEX(Assessments!$J$2:$J$600,MATCH($H20&"|"&$I20&"|"&$J20&"|"&10,Assessments!$A$2:$A$600,0)),0) -> 1 | DG20: =IFERROR(INDEX(Assessments!$J$2:$J$600,MATCH($H20&"|"&$I20&"|"&$J20&"|"&11,Assessments!$A$2:$A$600,0)),0) -> 0 | DH20: =IFERROR(INDEX(Assessments!$J$2:$J$600,MATCH($H20&"|"&$I20&"|"&$J20&"|"&12,Assessments!$A$2:$A$600,0)),0) -> 0 | DI20: =IFERROR(INDEX(Assessments!$J$2:$J$600,MATCH($H20&"|"&$I20&"|"&$J20&"|"&13,Assessments!$A$2:$A$600,0)),0) -> 0 | DJ20: =IFERROR(INDEX(Assessments!$J$2:$J$600,MATCH($H20&"|"&$I20&"|"&$J20&"|"&14,Assessments!$A$2:$A$600,0)),0) -> 0 | DK20: =S20 -> 7 | DL20: =W20 -> 7 | DM20: =AA20 -> 6 | DN20: =AE20 -> 4 | DO20: =AI20 -> 7 | DP20: =AM20 -> 7 | DQ20: =AQ20 -> 7 | DR20: =AU20 | DS20: =AY20 | DT20: =BC20 | DU20: =BG20 | DV20: =BK20 | DW20: =BO20 | DX20: =BS20 | DY20: =IF(ISNUMBER(S20),1,"") -> 1 | DZ20: =IF(ISNUMBER(W20),2,"") -> 2 | EA20: =IF(ISNUMBER(AA20),3,"") -> 3 | EB20: =IF(ISNUMBER(AE20),4,"") -> 4 | EC20: =IF(ISNUMBER(AI20),5,"") -> 5 | ED20: =IF(ISNUMBER(AM20),6,"") -> 6 | EE20: =IF(ISNUMBER(AQ20),7,"") -> 7 | EF20: =IF(ISNUMBER(AU20),8,"") | EG20: =IF(ISNUMBER(AY20),9,"") | EH20: =IF(ISNUMBER(BC20),10,"") | EI20: =IF(ISNUMBER(BG20),11,"") | EJ20: =IF(ISNUMBER(BK20),12,"") | EK20: =IF(ISNUMBER(BO20),13,"") | EL20: =IF(ISNUMBER(BS20),14,"") | EM20: =IF(ISNUMBER(R20),R20*CW20,0) -> 80 | EN20: =IF(ISNUMBER(V20),V20*CX20,0) -> 80 | EO20: =IF(ISNUMBER(Z20),Z20*CY20,0) -> 70 | EP20: =IF(ISNUMBER(AD20),AD20*CZ20,0) -> 50 | EQ20: =IF(ISNUMBER(AH20),AH20*DA20,0) -> 80 | ER20: =IF(ISNUMBER(AL20),AL20*DB20,0) -> 155 | ES20: =IF(ISNUMBER(AP20),AP20*DC20,0) -> 172 | ET20: =IF(ISNUMBER(AT20),AT20*DD20,0) -> 0 | EU20: =IF(ISNUMBER(AX20),AX20*DE20,0) -> 0 | EV20: =IF(ISNUMBER(BB20),BB20*DF20,0) -> 0 | EW20: =IF(ISNUMBER(BF20),BF20*DG20,0) -> 0 | EX20: =IF(ISNUMBER(BJ20),BJ20*DH20,0) -> 0 | EY20: =IF(ISNUMBER(BN20),BN20*DI20,0) -> 0 | EZ20: =IF(ISNUMBER(BR20),BR20*DJ20,0) -> 0 | FA20: =IF(ISNUMBER(R20),CW20,0) -> 1 | FB20: =IF(ISNUMBER(V20),CX20,0) -> 1 | FC20: =IF(ISNUMBER(Z20),CY20,0) -> 1 | FD20: =IF(ISNUMBER(AD20),CZ20,0) -> 1 | FE20: =IF(ISNUMBER(AH20),DA20,0) -> 1 | FF20: =IF(ISNUMBER(AL20),DB20,0) -> 2 | FG20: =IF(ISNUMBER(AP20),DC20,0) -> 2 | FH20: =IF(ISNUMBER(AT20),DD20,0) -> 0 | FI20: =IF(ISNUMBER(AX20),DE20,0) -> 0 | FJ20: =IF(ISNUMBER(BB20),DF20,0) -> 0 | FK20: =IF(ISNUMBER(BF20),DG20,0) -> 0 | FL20: =IF(ISNUMBER(BJ20),DH20,0) -> 0 | FM20: =IF(ISNUMBER(BN20),DI20,0) -> 0 | FN20: =IF(ISNUMBER(BR20),DJ20,0) -> 0 | FO20: =IFERROR(INDEX(Lists!$G$2:$G$20,MATCH($I20&"|"&$J20,Lists!$F$2:$F$20,0)),"") -> Geog Overall HL
A21: Kezang | B21: Wangchuck | C21: 12.3 | D21: KEWR | E21: 5.3 | F21: 6 | H21: Grad 2027 | I21: IB Geography | J21: HL | K21: =IF(OR(M21="",$E21=""),"",M21-$E21) -> 0.7 | L21: =IF(SUM(FA21:FN21)=0,"",SUM(EM21:EZ21)/SUM(FA21:FN21)) -> 66.111111 | M21: =IF(OR(L21="",FO21=""),"",IFERROR(MATCH(L21,INDEX(Boundaries!$B$2:$I$30,MATCH(FO21,Boundaries!$A$2:$A$30,0),0),1)-1,"")) -> 6 | N21: =IF(COUNT($DY21:$EL21)<2,"",INDEX($DK21:$DX21,MAX($DY21:$EL21))-INDEX($DK21:$DX21,MIN($DY21:$EL21))) -> 0 | O21: =IF(COUNT($DY21:$EL21)<2,"",INDEX($DK21:$DX21,MAX($DY21:$EL21))-INDEX($DK21:$DX21,LARGE($DY21:$EL21,2))) -> 0 | P21: =IF(K21="","",IF(K21>=0,"On/above target",IF(AND(N21<>"",N21>=0.5),"Improving towards target",IF(AND(O21<>"",O21<=-0.5),"Declining","Stable below target")))) -> On/above target | Q21: 13 | R21: =IF(OR(Q21="",BU21=""),"",Q21/BU21*100) -> 65 | S21: =IF(R21="","",IFERROR(MATCH(R21,INDEX(Boundaries!$B$2:$I$30,MATCH(CI21,Boundaries!$A$2:$A$30,0),0),1)-1,"")) -> 6 | T21: =IF(OR(S21="",$E21=""),"",S21-$E21) -> 0.7 | U21: 12 | V21: =IF(OR(U21="",BV21=""),"",U21/BV21*100) -> 60 | W21: =IF(V21="","",IFERROR(MATCH(V21,INDEX(Boundaries!$B$2:$I$30,MATCH(CJ21,Boundaries!$A$2:$A$30,0),0),1)-1,"")) -> 5 | X21: =IF(OR(W21="",$E21=""),"",W21-$E21) -> -0.3 | Y21: 14 | Z21: =IF(OR(Y21="",BW21=""),"",Y21/BW21*100) -> 70 | AA21: =IF(Z21="","",IFERROR(MATCH(Z21,INDEX(Boundaries!$B$2:$I$30,MATCH(CK21,Boundaries!$A$2:$A$30,0),0),1)-1,"")) -> 6 | AB21: =IF(OR(AA21="",$E21=""),"",AA21-$E21) -> 0.7 | AC21: 11 | AD21: =IF(OR(AC21="",BX21=""),"",AC21/BX21*100) -> 55 | AE21: =IF(AD21="","",IFERROR(MATCH(AD21,INDEX(Boundaries!$B$2:$I$30,MATCH(CL21,Boundaries!$A$2:$A$30,0),0),1)-1,"")) -> 5 | AF21: =IF(OR(AE21="",$E21=""),"",AE21-$E21) -> -0.3 | AG21: 16 | AH21: =IF(OR(AG21="",BY21=""),"",AG21/BY21*100) -> 80 | AI21: =IF(AH21="","",IFERROR(MATCH(AH21,INDEX(Boundaries!$B$2:$I$30,MATCH(CM21,Boundaries!$A$2:$A$30,0),0),1)-1,"")) -> 7 | AJ21: =IF(OR(AI21="",$E21=""),"",AI21-$E21) -> 1.7 | AK21: 25 | AL21: =IF(OR(AK21="",BZ21=""),"",AK21/BZ21*100) -> 62.5 | AM21: =IF(AL21="","",IFERROR(MATCH(AL21,INDEX(Boundaries!$B$2:$I$30,MATCH(CN21,Boundaries!$A$2:$A$30,0),0),1)-1,"")) -> 6 | AN21: =IF(OR(AM21="",$E21=""),"",AM21-$E21) -> 0.7 | AO21: 35 | AP21: =IF(OR(AO21="",CA21=""),"",AO21/CA21*100) -> 70 | AQ21: =IF(AP21="","",IFERROR(MATCH(AP21,INDEX(Boundaries!$B$2:$I$30,MATCH(CO21,Boundaries!$A$2:$A$30,0),0),1)-1,"")) -> 6 | AR21: =IF(OR(AQ21="",$E21=""),"",AQ21-$E21) -> 0.7 | AT21: =IF(OR(AS21="",CB21=""),"",AS21/CB21*100) | AU21: =IF(AT21="","",IFERROR(MATCH(AT21,INDEX(Boundaries!$B$2:$I$30,MATCH(CP21,Boundaries!$A$2:$A$30,0),0),1)-1,"")) | AV21: =IF(OR(AU21="",$E21=""),"",AU21-$E21) | AX21: =IF(OR(AW21="",CC21=""),"",AW21/CC21*100) | AY21: =IF(AX21="","",IFERROR(MATCH(AX21,INDEX(Boundaries!$B$2:$I$30,MATCH(CQ21,Boundaries!$A$2:$A$30,0),0),1)-1,"")) | AZ21: =IF(OR(AY21="",$E21=""),"",AY21-$E21) | BB21: =IF(OR(BA21="",CD21=""),"",BA21/CD21*100) | BC21: =IF(BB21="","",IFERROR(MATCH(BB21,INDEX(Boundaries!$B$2:$I$30,MATCH(CR21,Boundaries!$A$2:$A$30,0),0),1)-1,"")) | BD21: =IF(OR(BC21="",$E21=""),"",BC21-$E21) | BF21: =IF(OR(BE21="",CE21=""),"",BE21/CE21*100) | BG21: =IF(BF21="","",IFERROR(MATCH(BF21,INDEX(Boundaries!$B$2:$I$30,MATCH(CS21,Boundaries!$A$2:$A$30,0),0),1)-1,"")) | BH21: =IF(OR(BG21="",$E21=""),"",BG21-$E21) | BJ21: =IF(OR(BI21="",CF21=""),"",BI21/CF21*100) | BK21: =IF(BJ21="","",IFERROR(MATCH(BJ21,INDEX(Boundaries!$B$2:$I$30,MATCH(CT21,Boundaries!$A$2:$A$30,0),0),1)-1,"")) | BL21: =IF(OR(BK21="",$E21=""),"",BK21-$E21) | BN21: =IF(OR(BM21="",CG21=""),"",BM21/CG21*100) | BO21: =IF(BN21="","",IFERROR(MATCH(BN21,INDEX(Boundaries!$B$2:$I$30,MATCH(CU21,Boundaries!$A$2:$A$30,0),0),1)-1,"")) | BP21: =IF(OR(BO21="",$E21=""),"",BO21-$E21) | BR21: =IF(OR(BQ21="",CH21=""),"",BQ21/CH21*100) | BS21: =IF(BR21="","",IFERROR(MATCH(BR21,INDEX(Boundaries!$B$2:$I$30,MATCH(CV21,Boundaries!$A$2:$A$30,0),0),1)-1,"")) | BT21: =IF(OR(BS21="",$E21=""),"",BS21-$E21) | BU21: =IFERROR(INDEX(Assessments!$H$2:$H$600,MATCH($H21&"|"&$I21&"|"&$J21&"|"&1,Assessments!$A$2:$A$600,0)),"") -> 20 | BV21: =IFERROR(INDEX(Assessments!$H$2:$H$600,MATCH($H21&"|"&$I21&"|"&$J21&"|"&2,Assessments!$A$2:$A$600,0)),"") -> 20 | BW21: =IFERROR(INDEX(Assessments!$H$2:$H$600,MATCH($H21&"|"&$I21&"|"&$J21&"|"&3,Assessments!$A$2:$A$600,0)),"") -> 20 | BX21: =IFERROR(INDEX(Assessments!$H$2:$H$600,MATCH($H21&"|"&$I21&"|"&$J21&"|"&4,Assessments!$A$2:$A$600,0)),"") -> 20 | BY21: =IFERROR(INDEX(Assessments!$H$2:$H$600,MATCH($H21&"|"&$I21&"|"&$J21&"|"&5,Assessments!$A$2:$A$600,0)),"") -> 20 | BZ21: =IFERROR(INDEX(Assessments!$H$2:$H$600,MATCH($H21&"|"&$I21&"|"&$J21&"|"&6,Assessments!$A$2:$A$600,0)),"") -> 40 | CA21: =IFERROR(INDEX(Assessments!$H$2:$H$600,MATCH($H21&"|"&$I21&"|"&$J21&"|"&7,Assessments!$A$2:$A$600,0)),"") -> 50 | CB21: =IFERROR(INDEX(Assessments!$H$2:$H$600,MATCH($H21&"|"&$I21&"|"&$J21&"|"&8,Assessments!$A$2:$A$600,0)),"") -> 25 | CC21: =IFERROR(INDEX(Assessments!$H$2:$H$600,MATCH($H21&"|"&$I21&"|"&$J21&"|"&9,Assessments!$A$2:$A$600,0)),"") -> 16 | CD21: =IFERROR(INDEX(Assessments!$H$2:$H$600,MATCH($H21&"|"&$I21&"|"&$J21&"|"&10,Assessments!$A$2:$A$600,0)),"") -> 30 | CE21: =IFERROR(INDEX(Assessments!$H$2:$H$600,MATCH($H21&"|"&$I21&"|"&$J21&"|"&11,Assessments!$A$2:$A$600,0)),"") | CF21: =IFERROR(INDEX(Assessments!$H$2:$H$600,MATCH($H21&"|"&$I21&"|"&$J21&"|"&12,Assessments!$A$2:$A$600,0)),"") | CG21: =IFERROR(INDEX(Assessments!$H$2:$H$600,MATCH($H21&"|"&$I21&"|"&$J21&"|"&13,Assessments!$A$2:$A$600,0)),"") | CH21: =IFERROR(INDEX(Assessments!$H$2:$H$600,MATCH($H21&"|"&$I21&"|"&$J21&"|"&14,Assessments!$A$2:$A$600,0)),"") | CI21: =IFERROR(INDEX(Assessments!$I$2:$I$600,MATCH($H21&"|"&$I21&"|"&$J21&"|"&1,Assessments!$A$2:$A$600,0)),"") -> Geog Paper 1 | CJ21: =IFERROR(INDEX(Assessments!$I$2:$I$600,MATCH($H21&"|"&$I21&"|"&$J21&"|"&2,Assessments!$A$2:$A$600,0)),"") -> Geog Paper 1 | CK21: =IFERROR(INDEX(Assessments!$I$2:$I$600,MATCH($H21&"|"&$I21&"|"&$J21&"|"&3,Assessments!$A$2:$A$600,0)),"") -> Geog Paper 2 | CL21: =IFERROR(INDEX(Assessments!$I$2:$I$600,MATCH($H21&"|"&$I21&"|"&$J21&"|"&4,Assessments!$A$2:$A$600,0)),"") -> Geog Paper 1 | CM21: =IFERROR(INDEX(Assessments!$I$2:$I$600,MATCH($H21&"|"&$I21&"|"&$J21&"|"&5,Assessments!$A$2:$A$600,0)),"") -> Geog Paper 1 | CN21: =IFERROR(INDEX(Assessments!$I$2:$I$600,MATCH($H21&"|"&$I21&"|"&$J21&"|"&6,Assessments!$A$2:$A$600,0)),"") -> Geog Paper 1 | CO21: =IFERROR(INDEX(Assessments!$I$2:$I$600,MATCH($H21&"|"&$I21&"|"&$J21&"|"&7,Assessments!$A$2:$A$600,0)),"") -> Geog Paper 2 | CP21: =IFERROR(INDEX(Assessments!$I$2:$I$600,MATCH($H21&"|"&$I21&"|"&$J21&"|"&8,Assessments!$A$2:$A$600,0)),"") -> Geog Paper 2 | CQ21: =IFERROR(INDEX(Assessments!$I$2:$I$600,MATCH($H21&"|"&$I21&"|"&$J21&"|"&9,Assessments!$A$2:$A$600,0)),"") -> Geog Paper 3 | CR21: =IFERROR(INDEX(Assessments!$I$2:$I$600,MATCH($H21&"|"&$I21&"|"&$J21&"|"&10,Assessments!$A$2:$A$600,0)),"") -> Geog Paper 2 | CS21: =IFERROR(INDEX(Assessments!$I$2:$I$600,MATCH($H21&"|"&$I21&"|"&$J21&"|"&11,Assessments!$A$2:$A$600,0)),"") | CT21: =IFERROR(INDEX(Assessments!$I$2:$I$600,MATCH($H21&"|"&$I21&"|"&$J21&"|"&12,Assessments!$A$2:$A$600,0)),"") | CU21: =IFERROR(INDEX(Assessments!$I$2:$I$600,MATCH($H21&"|"&$I21&"|"&$J21&"|"&13,Assessments!$A$2:$A$600,0)),"") | CV21: =IFERROR(INDEX(Assessments!$I$2:$I$600,MATCH($H21&"|"&$I21&"|"&$J21&"|"&14,Assessments!$A$2:$A$600,0)),"") | CW21: =IFERROR(INDEX(Assessments!$J$2:$J$600,MATCH($H21&"|"&$I21&"|"&$J21&"|"&1,Assessments!$A$2:$A$600,0)),0) -> 1 | CX21: =IFERROR(INDEX(Assessments!$J$2:$J$600,MATCH($H21&"|"&$I21&"|"&$J21&"|"&2,Assessments!$A$2:$A$600,0)),0) -> 1 | CY21: =IFERROR(INDEX(Assessments!$J$2:$J$600,MATCH($H21&"|"&$I21&"|"&$J21&"|"&3,Assessments!$A$2:$A$600,0)),0) -> 1 | CZ21: =IFERROR(INDEX(Assessments!$J$2:$J$600,MATCH($H21&"|"&$I21&"|"&$J21&"|"&4,Assessments!$A$2:$A$600,0)),0) -> 1 | DA21: =IFERROR(INDEX(Assessments!$J$2:$J$600,MATCH($H21&"|"&$I21&"|"&$J21&"|"&5,Assessments!$A$2:$A$600,0)),0) -> 1 | DB21: =IFERROR(INDEX(Assessments!$J$2:$J$600,MATCH($H21&"|"&$I21&"|"&$J21&"|"&6,Assessments!$A$2:$A$600,0)),0) -> 2 | DC21: =IFERROR(INDEX(Assessments!$J$2:$J$600,MATCH($H21&"|"&$I21&"|"&$J21&"|"&7,Assessments!$A$2:$A$600,0)),0) -> 2 | DD21: =IFERROR(INDEX(Assessments!$J$2:$J$600,MATCH($H21&"|"&$I21&"|"&$J21&"|"&8,Assessments!$A$2:$A$600,0)),0) -> 1 | DE21: =IFERROR(INDEX(Assessments!$J$2:$J$600,MATCH($H21&"|"&$I21&"|"&$J21&"|"&9,Assessments!$A$2:$A$600,0)),0) -> 1 | DF21: =IFERROR(INDEX(Assessments!$J$2:$J$600,MATCH($H21&"|"&$I21&"|"&$J21&"|"&10,Assessments!$A$2:$A$600,0)),0) -> 1 | DG21: =IFERROR(INDEX(Assessments!$J$2:$J$600,MATCH($H21&"|"&$I21&"|"&$J21&"|"&11,Assessments!$A$2:$A$600,0)),0) -> 0 | DH21: =IFERROR(INDEX(Assessments!$J$2:$J$600,MATCH($H21&"|"&$I21&"|"&$J21&"|"&12,Assessments!$A$2:$A$600,0)),0) -> 0 | DI21: =IFERROR(INDEX(Assessments!$J$2:$J$600,MATCH($H21&"|"&$I21&"|"&$J21&"|"&13,Assessments!$A$2:$A$600,0)),0) -> 0 | DJ21: =IFERROR(INDEX(Assessments!$J$2:$J$600,MATCH($H21&"|"&$I21&"|"&$J21&"|"&14,Assessments!$A$2:$A$600,0)),0) -> 0 | DK21: =S21 -> 6 | DL21: =W21 -> 5 | DM21: =AA21 -> 6 | DN21: =AE21 -> 5 | DO21: =AI21 -> 7 | DP21: =AM21 -> 6 | DQ21: =AQ21 -> 6 | DR21: =AU21 | DS21: =AY21 | DT21: =BC21 | DU21: =BG21 | DV21: =BK21 | DW21: =BO21 | DX21: =BS21 | DY21: =IF(ISNUMBER(S21),1,"") -> 1 | DZ21: =IF(ISNUMBER(W21),2,"") -> 2 | EA21: =IF(ISNUMBER(AA21),3,"") -> 3 | EB21: =IF(ISNUMBER(AE21),4,"") -> 4 | EC21: =IF(ISNUMBER(AI21),5,"") -> 5 | ED21: =IF(ISNUMBER(AM21),6,"") -> 6 | EE21: =IF(ISNUMBER(AQ21),7,"") -> 7 | EF21: =IF(ISNUMBER(AU21),8,"") | EG21: =IF(ISNUMBER(AY21),9,"") | EH21: =IF(ISNUMBER(BC21),10,"") | EI21: =IF(ISNUMBER(BG21),11,"") | EJ21: =IF(ISNUMBER(BK21),12,"") | EK21: =IF(ISNUMBER(BO21),13,"") | EL21: =IF(ISNUMBER(BS21),14,"") | EM21: =IF(ISNUMBER(R21),R21*CW21,0) -> 65 | EN21: =IF(ISNUMBER(V21),V21*CX21,0) -> 60 | EO21: =IF(ISNUMBER(Z21),Z21*CY21,0) -> 70 | EP21: =IF(ISNUMBER(AD21),AD21*CZ21,0) -> 55 | EQ21: =IF(ISNUMBER(AH21),AH21*DA21,0) -> 80 | ER21: =IF(ISNUMBER(AL21),AL21*DB21,0) -> 125 | ES21: =IF(ISNUMBER(AP21),AP21*DC21,0) -> 140 | ET21: =IF(ISNUMBER(AT21),AT21*DD21,0) -> 0 | EU21: =IF(ISNUMBER(AX21),AX21*DE21,0) -> 0 | EV21: =IF(ISNUMBER(BB21),BB21*DF21,0) -> 0 | EW21: =IF(ISNUMBER(BF21),BF21*DG21,0) -> 0 | EX21: =IF(ISNUMBER(BJ21),BJ21*DH21,0) -> 0 | EY21: =IF(ISNUMBER(BN21),BN21*DI21,0) -> 0 | EZ21: =IF(ISNUMBER(BR21),BR21*DJ21,0) -> 0 | FA21: =IF(ISNUMBER(R21),CW21,0) -> 1 | FB21: =IF(ISNUMBER(V21),CX21,0) -> 1 | FC21: =IF(ISNUMBER(Z21),CY21,0) -> 1 | FD21: =IF(ISNUMBER(AD21),CZ21,0) -> 1 | FE21: =IF(ISNUMBER(AH21),DA21,0) -> 1 | FF21: =IF(ISNUMBER(AL21),DB21,0) -> 2 | FG21: =IF(ISNUMBER(AP21),DC21,0) -> 2 | FH21: =IF(ISNUMBER(AT21),DD21,0) -> 0 | FI21: =IF(ISNUMBER(AX21),DE21,0) -> 0 | FJ21: =IF(ISNUMBER(BB21),DF21,0) -> 0 | FK21: =IF(ISNUMBER(BF21),DG21,0) -> 0 | FL21: =IF(ISNUMBER(BJ21),DH21,0) -> 0 | FM21: =IF(ISNUMBER(BN21),DI21,0) -> 0 | FN21: =IF(ISNUMBER(BR21),DJ21,0) -> 0 | FO21: =IFERROR(INDEX(Lists!$G$2:$G$20,MATCH($I21&"|"&$J21,Lists!$F$2:$F$20,0)),"") -> Geog Overall HL
A22: Eleanor | B22: Artpradid | C22: 12.3 | D22: REBO | E22: 6.1 | F22: 6 | H22: Grad 2027 | I22: IB Geography | J22: HL | K22: =IF(OR(M22="",$E22=""),"",M22-$E22) -> 0.9 | L22: =IF(SUM(FA22:FN22)=0,"",SUM(EM22:EZ22)/SUM(FA22:FN22)) -> 80.333333 | M22: =IF(OR(L22="",FO22=""),"",IFERROR(MATCH(L22,INDEX(Boundaries!$B$2:$I$30,MATCH(FO22,Boundaries!$A$2:$A$30,0),0),1)-1,"")) -> 7 | N22: =IF(COUNT($DY22:$EL22)<2,"",INDEX($DK22:$DX22,MAX($DY22:$EL22))-INDEX($DK22:$DX22,MIN($DY22:$EL22))) -> 1 | O22: =IF(COUNT($DY22:$EL22)<2,"",INDEX($DK22:$DX22,MAX($DY22:$EL22))-INDEX($DK22:$DX22,LARGE($DY22:$EL22,2))) -> 0 | P22: =IF(K22="","",IF(K22>=0,"On/above target",IF(AND(N22<>"",N22>=0.5),"Improving towards target",IF(AND(O22<>"",O22<=-0.5),"Declining","Stable below target")))) -> On/above target | Q22: 14 | R22: =IF(OR(Q22="",BU22=""),"",Q22/BU22*100) -> 70 | S22: =IF(R22="","",IFERROR(MATCH(R22,INDEX(Boundaries!$B$2:$I$30,MATCH(CI22,Boundaries!$A$2:$A$30,0),0),1)-1,"")) -> 6 | T22: =IF(OR(S22="",$E22=""),"",S22-$E22) -> -0.1 | U22: 17 | V22: =IF(OR(U22="",BV22=""),"",U22/BV22*100) -> 85 | W22: =IF(V22="","",IFERROR(MATCH(V22,INDEX(Boundaries!$B$2:$I$30,MATCH(CJ22,Boundaries!$A$2:$A$30,0),0),1)-1,"")) -> 7 | X22: =IF(OR(W22="",$E22=""),"",W22-$E22) -> 0.9 | Y22: 15 | Z22: =IF(OR(Y22="",BW22=""),"",Y22/BW22*100) -> 75 | AA22: =IF(Z22="","",IFERROR(MATCH(Z22,INDEX(Boundaries!$B$2:$I$30,MATCH(CK22,Boundaries!$A$2:$A$30,0),0),1)-1,"")) -> 6 | AB22: =IF(OR(AA22="",$E22=""),"",AA22-$E22) -> -0.1 | AC22: 17 | AD22: =IF(OR(AC22="",BX22=""),"",AC22/BX22*100) -> 85 | AE22: =IF(AD22="","",IFERROR(MATCH(AD22,INDEX(Boundaries!$B$2:$I$30,MATCH(CL22,Boundaries!$A$2:$A$30,0),0),1)-1,"")) -> 7 | AF22: =IF(OR(AE22="",$E22=""),"",AE22-$E22) -> 0.9 | AG22: 14 | AH22: =IF(OR(AG22="",BY22=""),"",AG22/BY22*100) -> 70 | AI22: =IF(AH22="","",IFERROR(MATCH(AH22,INDEX(Boundaries!$B$2:$I$30,MATCH(CM22,Boundaries!$A$2:$A$30,0),0),1)-1,"")) -> 6 | AJ22: =IF(OR(AI22="",$E22=""),"",AI22-$E22) -> -0.1 | AK22: 32 | AL22: =IF(OR(AK22="",BZ22=""),"",AK22/BZ22*100) -> 80 | AM22: =IF(AL22="","",IFERROR(MATCH(AL22,INDEX(Boundaries!$B$2:$I$30,MATCH(CN22,Boundaries!$A$2:$A$30,0),0),1)-1,"")) -> 7 | AN22: =IF(OR(AM22="",$E22=""),"",AM22-$E22) -> 0.9 | AO22: 43 | AP22: =IF(OR(AO22="",CA22=""),"",AO22/CA22*100) -> 86 | AQ22: =IF(AP22="","",IFERROR(MATCH(AP22,INDEX(Boundaries!$B$2:$I$30,MATCH(CO22,Boundaries!$A$2:$A$30,0),0),1)-1,"")) -> 7 | AR22: =IF(OR(AQ22="",$E22=""),"",AQ22-$E22) -> 0.9 | AS22: 23 | AT22: =IF(OR(AS22="",CB22=""),"",AS22/CB22*100) -> 92 | AU22: =IF(AT22="","",IFERROR(MATCH(AT22,INDEX(Boundaries!$B$2:$I$30,MATCH(CP22,Boundaries!$A$2:$A$30,0),0),1)-1,"")) -> 7 | AV22: =IF(OR(AU22="",$E22=""),"",AU22-$E22) -> 0.9 | AW22: 12 | AX22: =IF(OR(AW22="",CC22=""),"",AW22/CC22*100) -> 75 | AY22: =IF(AX22="","",IFERROR(MATCH(AX22,INDEX(Boundaries!$B$2:$I$30,MATCH(CQ22,Boundaries!$A$2:$A$30,0),0),1)-1,"")) -> 7 | AZ22: =IF(OR(AY22="",$E22=""),"",AY22-$E22) -> 0.9 | BA22: 24 | BB22: =IF(OR(BA22="",CD22=""),"",BA22/CD22*100) -> 80 | BC22: =IF(BB22="","",IFERROR(MATCH(BB22,INDEX(Boundaries!$B$2:$I$30,MATCH(CR22,Boundaries!$A$2:$A$30,0),0),1)-1,"")) -> 7 | BD22: =IF(OR(BC22="",$E22=""),"",BC22-$E22) -> 0.9 | BF22: =IF(OR(BE22="",CE22=""),"",BE22/CE22*100) | BG22: =IF(BF22="","",IFERROR(MATCH(BF22,INDEX(Boundaries!$B$2:$I$30,MATCH(CS22,Boundaries!$A$2:$A$30,0),0),1)-1,"")) | BH22: =IF(OR(BG22="",$E22=""),"",BG22-$E22) | BJ22: =IF(OR(BI22="",CF22=""),"",BI22/CF22*100) | BK22: =IF(BJ22="","",IFERROR(MATCH(BJ22,INDEX(Boundaries!$B$2:$I$30,MATCH(CT22,Boundaries!$A$2:$A$30,0),0),1)-1,"")) | BL22: =IF(OR(BK22="",$E22=""),"",BK22-$E22) | BN22: =IF(OR(BM22="",CG22=""),"",BM22/CG22*100) | BO22: =IF(BN22="","",IFERROR(MATCH(BN22,INDEX(Boundaries!$B$2:$I$30,MATCH(CU22,Boundaries!$A$2:$A$30,0),0),1)-1,"")) | BP22: =IF(OR(BO22="",$E22=""),"",BO22-$E22) | BR22: =IF(OR(BQ22="",CH22=""),"",BQ22/CH22*100) | BS22: =IF(BR22="","",IFERROR(MATCH(BR22,INDEX(Boundaries!$B$2:$I$30,MATCH(CV22,Boundaries!$A$2:$A$30,0),0),1)-1,"")) | BT22: =IF(OR(BS22="",$E22=""),"",BS22-$E22) | BU22: =IFERROR(INDEX(Assessments!$H$2:$H$600,MATCH($H22&"|"&$I22&"|"&$J22&"|"&1,Assessments!$A$2:$A$600,0)),"") -> 20 | BV22: =IFERROR(INDEX(Assessments!$H$2:$H$600,MATCH($H22&"|"&$I22&"|"&$J22&"|"&2,Assessments!$A$2:$A$600,0)),"") -> 20 | BW22: =IFERROR(INDEX(Assessments!$H$2:$H$600,MATCH($H22&"|"&$I22&"|"&$J22&"|"&3,Assessments!$A$2:$A$600,0)),"") -> 20 | BX22: =IFERROR(INDEX(Assessments!$H$2:$H$600,MATCH($H22&"|"&$I22&"|"&$J22&"|"&4,Assessments!$A$2:$A$600,0)),"") -> 20 | BY22: =IFERROR(INDEX(Assessments!$H$2:$H$600,MATCH($H22&"|"&$I22&"|"&$J22&"|"&5,Assessments!$A$2:$A$600,0)),"") -> 20 | BZ22: =IFERROR(INDEX(Assessments!$H$2:$H$600,MATCH($H22&"|"&$I22&"|"&$J22&"|"&6,Assessments!$A$2:$A$600,0)),"") -> 40 | CA22: =IFERROR(INDEX(Assessments!$H$2:$H$600,MATCH($H22&"|"&$I22&"|"&$J22&"|"&7,Assessments!$A$2:$A$600,0)),"") -> 50 | CB22: =IFERROR(INDEX(Assessments!$H$2:$H$600,MATCH($H22&"|"&$I22&"|"&$J22&"|"&8,Assessments!$A$2:$A$600,0)),"") -> 25 | CC22: =IFERROR(INDEX(Assessments!$H$2:$H$600,MATCH($H22&"|"&$I22&"|"&$J22&"|"&9,Assessments!$A$2:$A$600,0)),"") -> 16 | CD22: =IFERROR(INDEX(Assessments!$H$2:$H$600,MATCH($H22&"|"&$I22&"|"&$J22&"|"&10,Assessments!$A$2:$A$600,0)),"") -> 30 | CE22: =IFERROR(INDEX(Assessments!$H$2:$H$600,MATCH($H22&"|"&$I22&"|"&$J22&"|"&11,Assessments!$A$2:$A$600,0)),"") | CF22: =IFERROR(INDEX(Assessments!$H$2:$H$600,MATCH($H22&"|"&$I22&"|"&$J22&"|"&12,Assessments!$A$2:$A$600,0)),"") | CG22: =IFERROR(INDEX(Assessments!$H$2:$H$600,MATCH($H22&"|"&$I22&"|"&$J22&"|"&13,Assessments!$A$2:$A$600,0)),"") | CH22: =IFERROR(INDEX(Assessments!$H$2:$H$600,MATCH($H22&"|"&$I22&"|"&$J22&"|"&14,Assessments!$A$2:$A$600,0)),"") | CI22: =IFERROR(INDEX(Assessments!$I$2:$I$600,MATCH($H22&"|"&$I22&"|"&$J22&"|"&1,Assessments!$A$2:$A$600,0)),"") -> Geog Paper 1 | CJ22: =IFERROR(INDEX(Assessments!$I$2:$I$600,MATCH($H22&"|"&$I22&"|"&$J22&"|"&2,Assessments!$A$2:$A$600,0)),"") -> Geog Paper 1 | CK22: =IFERROR(INDEX(Assessments!$I$2:$I$600,MATCH($H22&"|"&$I22&"|"&$J22&"|"&3,Assessments!$A$2:$A$600,0)),"") -> Geog Paper 2 | CL22: =IFERROR(INDEX(Assessments!$I$2:$I$600,MATCH($H22&"|"&$I22&"|"&$J22&"|"&4,Assessments!$A$2:$A$600,0)),"") -> Geog Paper 1 | CM22: =IFERROR(INDEX(Assessments!$I$2:$I$600,MATCH($H22&"|"&$I22&"|"&$J22&"|"&5,Assessments!$A$2:$A$600,0)),"") -> Geog Paper 1 | CN22: =IFERROR(INDEX(Assessments!$I$2:$I$600,MATCH($H22&"|"&$I22&"|"&$J22&"|"&6,Assessments!$A$2:$A$600,0)),"") -> Geog Paper 1 | CO22: =IFERROR(INDEX(Assessments!$I$2:$I$600,MATCH($H22&"|"&$I22&"|"&$J22&"|"&7,Assessments!$A$2:$A$600,0)),"") -> Geog Paper 2 | CP22: =IFERROR(INDEX(Assessments!$I$2:$I$600,MATCH($H22&"|"&$I22&"|"&$J22&"|"&8,Assessments!$A$2:$A$600,0)),"") -> Geog Paper 2 | CQ22: =IFERROR(INDEX(Assessments!$I$2:$I$600,MATCH($H22&"|"&$I22&"|"&$J22&"|"&9,Assessments!$A$2:$A$600,0)),"") -> Geog Paper 3 | CR22: =IFERROR(INDEX(Assessments!$I$2:$I$600,MATCH($H22&"|"&$I22&"|"&$J22&"|"&10,Assessments!$A$2:$A$600,0)),"") -> Geog Paper 2 | CS22: =IFERROR(INDEX(Assessments!$I$2:$I$600,MATCH($H22&"|"&$I22&"|"&$J22&"|"&11,Assessments!$A$2:$A$600,0)),"") | CT22: =IFERROR(INDEX(Assessments!$I$2:$I$600,MATCH($H22&"|"&$I22&"|"&$J22&"|"&12,Assessments!$A$2:$A$600,0)),"") | CU22: =IFERROR(INDEX(Assessments!$I$2:$I$600,MATCH($H22&"|"&$I22&"|"&$J22&"|"&13,Assessments!$A$2:$A$600,0)),"") | CV22: =IFERROR(INDEX(Assessments!$I$2:$I$600,MATCH($H22&"|"&$I22&"|"&$J22&"|"&14,Assessments!$A$2:$A$600,0)),"") | CW22: =IFERROR(INDEX(Assessments!$J$2:$J$600,MATCH($H22&"|"&$I22&"|"&$J22&"|"&1,Assessments!$A$2:$A$600,0)),0) -> 1 | CX22: =IFERROR(INDEX(Assessments!$J$2:$J$600,MATCH($H22&"|"&$I22&"|"&$J22&"|"&2,Assessments!$A$2:$A$600,0)),0) -> 1 | CY22: =IFERROR(INDEX(Assessments!$J$2:$J$600,MATCH($H22&"|"&$I22&"|"&$J22&"|"&3,Assessments!$A$2:$A$600,0)),0) -> 1 | CZ22: =IFERROR(INDEX(Assessments!$J$2:$J$600,MATCH($H22&"|"&$I22&"|"&$J22&"|"&4,Assessments!$A$2:$A$600,0)),0) -> 1 | DA22: =IFERROR(INDEX(Assessments!$J$2:$J$600,MATCH($H22&"|"&$I22&"|"&$J22&"|"&5,Assessments!$A$2:$A$600,0)),0) -> 1 | DB22: =IFERROR(INDEX(Assessments!$J$2:$J$600,MATCH($H22&"|"&$I22&"|"&$J22&"|"&6,Assessments!$A$2:$A$600,0)),0) -> 2 | DC22: =IFERROR(INDEX(Assessments!$J$2:$J$600,MATCH($H22&"|"&$I22&"|"&$J22&"|"&7,Assessments!$A$2:$A$600,0)),0) -> 2 | DD22: =IFERROR(INDEX(Assessments!$J$2:$J$600,MATCH($H22&"|"&$I22&"|"&$J22&"|"&8,Assessments!$A$2:$A$600,0)),0) -> 1 | DE22: =IFERROR(INDEX(Assessments!$J$2:$J$600,MATCH($H22&"|"&$I22&"|"&$J22&"|"&9,Assessments!$A$2:$A$600,0)),0) -> 1 | DF22: =IFERROR(INDEX(Assessments!$J$2:$J$600,MATCH($H22&"|"&$I22&"|"&$J22&"|"&10,Assessments!$A$2:$A$600,0)),0) -> 1 | DG22: =IFERROR(INDEX(Assessments!$J$2:$J$600,MATCH($H22&"|"&$I22&"|"&$J22&"|"&11,Assessments!$A$2:$A$600,0)),0) -> 0 | DH22: =IFERROR(INDEX(Assessments!$J$2:$J$600,MATCH($H22&"|"&$I22&"|"&$J22&"|"&12,Assessments!$A$2:$A$600,0)),0) -> 0 | DI22: =IFERROR(INDEX(Assessments!$J$2:$J$600,MATCH($H22&"|"&$I22&"|"&$J22&"|"&13,Assessments!$A$2:$A$600,0)),0) -> 0 | DJ22: =IFERROR(INDEX(Assessments!$J$2:$J$600,MATCH($H22&"|"&$I22&"|"&$J22&"|"&14,Assessments!$A$2:$A$600,0)),0) -> 0 | DK22: =S22 -> 6 | DL22: =W22 -> 7 | DM22: =AA22 -> 6 | DN22: =AE22 -> 7 | DO22: =AI22 -> 6 | DP22: =AM22 -> 7 | DQ22: =AQ22 -> 7 | DR22: =AU22 -> 7 | DS22: =AY22 -> 7 | DT22: =BC22 -> 7 | DU22: =BG22 | DV22: =BK22 | DW22: =BO22 | DX22: =BS22 | DY22: =IF(ISNUMBER(S22),1,"") -> 1 | DZ22: =IF(ISNUMBER(W22),2,"") -> 2 | EA22: =IF(ISNUMBER(AA22),3,"") -> 3 | EB22: =IF(ISNUMBER(AE22),4,"") -> 4 | EC22: =IF(ISNUMBER(AI22),5,"") -> 5 | ED22: =IF(ISNUMBER(AM22),6,"") -> 6 | EE22: =IF(ISNUMBER(AQ22),7,"") -> 7 | EF22: =IF(ISNUMBER(AU22),8,"") -> 8 | EG22: =IF(ISNUMBER(AY22),9,"") -> 9 | EH22: =IF(ISNUMBER(BC22),10,"") -> 10 | EI22: =IF(ISNUMBER(BG22),11,"") | EJ22: =IF(ISNUMBER(BK22),12,"") | EK22: =IF(ISNUMBER(BO22),13,"") | EL22: =IF(ISNUMBER(BS22),14,"") | EM22: =IF(ISNUMBER(R22),R22*CW22,0) -> 70 | EN22: =IF(ISNUMBER(V22),V22*CX22,0) -> 85 | EO22: =IF(ISNUMBER(Z22),Z22*CY22,0) -> 75 | EP22: =IF(ISNUMBER(AD22),AD22*CZ22,0) -> 85 | EQ22: =IF(ISNUMBER(AH22),AH22*DA22,0) -> 70 | ER22: =IF(ISNUMBER(AL22),AL22*DB22,0) -> 160 | ES22: =IF(ISNUMBER(AP22),AP22*DC22,0) -> 172 | ET22: =IF(ISNUMBER(AT22),AT22*DD22,0) -> 92 | EU22: =IF(ISNUMBER(AX22),AX22*DE22,0) -> 75 | EV22: =IF(ISNUMBER(BB22),BB22*DF22,0) -> 80 | EW22: =IF(ISNUMBER(BF22),BF22*DG22,0) -> 0 | EX22: =IF(ISNUMBER(BJ22),BJ22*DH22,0) -> 0 | EY22: =IF(ISNUMBER(BN22),BN22*DI22,0) -> 0 | EZ22: =IF(ISNUMBER(BR22),BR22*DJ22,0) -> 0 | FA22: =IF(ISNUMBER(R22),CW22,0) -> 1 | FB22: =IF(ISNUMBER(V22),CX22,0) -> 1 | FC22: =IF(ISNUMBER(Z22),CY22,0) -> 1 | FD22: =IF(ISNUMBER(AD22),CZ22,0) -> 1 | FE22: =IF(ISNUMBER(AH22),DA22,0) -> 1 | FF22: =IF(ISNUMBER(AL22),DB22,0) -> 2 | FG22: =IF(ISNUMBER(AP22),DC22,0) -> 2 | FH22: =IF(ISNUMBER(AT22),DD22,0) -> 1 | FI22: =IF(ISNUMBER(AX22),DE22,0) -> 1 | FJ22: =IF(ISNUMBER(BB22),DF22,0) -> 1 | FK22: =IF(ISNUMBER(BF22),DG22,0) -> 0 | FL22: =IF(ISNUMBER(BJ22),DH22,0) -> 0 | FM22: =IF(ISNUMBER(BN22),DI22,0) -> 0 | FN22: =IF(ISNUMBER(BR22),DJ22,0) -> 0 | FO22: =IFERROR(INDEX(Lists!$G$2:$G$20,MATCH($I22&"|"&$J22,Lists!$F$2:$F$20,0)),"") -> Geog Overall HL
A23: Talia | B23: Conroy | C23: 12.3 | D23: REBO | E23: 4.9 | F23: 5 | H23: Grad 2027 | I23: IB Geography | J23: HL | K23: =IF(OR(M23="",$E23=""),"",M23-$E23) -> 1.1 | L23: =IF(SUM(FA23:FN23)=0,"",SUM(EM23:EZ23)/SUM(FA23:FN23)) -> 65.055556 | M23: =IF(OR(L23="",FO23=""),"",IFERROR(MATCH(L23,INDEX(Boundaries!$B$2:$I$30,MATCH(FO23,Boundaries!$A$2:$A$30,0),0),1)-1,"")) -> 6 | N23: =IF(COUNT($DY23:$EL23)<2,"",INDEX($DK23:$DX23,MAX($DY23:$EL23))-INDEX($DK23:$DX23,MIN($DY23:$EL23))) -> -1 | O23: =IF(COUNT($DY23:$EL23)<2,"",INDEX($DK23:$DX23,MAX($DY23:$EL23))-INDEX($DK23:$DX23,LARGE($DY23:$EL23,2))) -> 2 | P23: =IF(K23="","",IF(K23>=0,"On/above target",IF(AND(N23<>"",N23>=0.5),"Improving towards target",IF(AND(O23<>"",O23<=-0.5),"Declining","Stable below target")))) -> On/above target | Q23: 14 | R23: =IF(OR(Q23="",BU23=""),"",Q23/BU23*100) -> 70 | S23: =IF(R23="","",IFERROR(MATCH(R23,INDEX(Boundaries!$B$2:$I$30,MATCH(CI23,Boundaries!$A$2:$A$30,0),0),1)-1,"")) -> 6 | T23: =IF(OR(S23="",$E23=""),"",S23-$E23) -> 1.1 | U23: 11 | V23: =IF(OR(U23="",BV23=""),"",U23/BV23*100) -> 55 | W23: =IF(V23="","",IFERROR(MATCH(V23,INDEX(Boundaries!$B$2:$I$30,MATCH(CJ23,Boundaries!$A$2:$A$30,0),0),1)-1,"")) -> 5 | X23: =IF(OR(W23="",$E23=""),"",W23-$E23) -> 0.1 | Y23: 15 | Z23: =IF(OR(Y23="",BW23=""),"",Y23/BW23*100) -> 75 | AA23: =IF(Z23="","",IFERROR(MATCH(Z23,INDEX(Boundaries!$B$2:$I$30,MATCH(CK23,Boundaries!$A$2:$A$30,0),0),1)-1,"")) -> 6 | AB23: =IF(OR(AA23="",$E23=""),"",AA23-$E23) -> 1.1 | AC23: 14 | AD23: =IF(OR(AC23="",BX23=""),"",AC23/BX23*100) -> 70 | AE23: =IF(AD23="","",IFERROR(MATCH(AD23,INDEX(Boundaries!$B$2:$I$30,MATCH(CL23,Boundaries!$A$2:$A$30,0),0),1)-1,"")) -> 6 | AF23: =IF(OR(AE23="",$E23=""),"",AE23-$E23) -> 1.1 | AG23: 14 | AH23: =IF(OR(AG23="",BY23=""),"",AG23/BY23*100) -> 70 | AI23: =IF(AH23="","",IFERROR(MATCH(AH23,INDEX(Boundaries!$B$2:$I$30,MATCH(CM23,Boundaries!$A$2:$A$30,0),0),1)-1,"")) -> 6 | AJ23: =IF(OR(AI23="",$E23=""),"",AI23-$E23) -> 1.1 | AK23: 26 | AL23: =IF(OR(AK23="",BZ23=""),"",AK23/BZ23*100) -> 65 | AM23: =IF(AL23="","",IFERROR(MATCH(AL23,INDEX(Boundaries!$B$2:$I$30,MATCH(CN23,Boundaries!$A$2:$A$30,0),0),1)-1,"")) -> 6 | AN23: =IF(OR(AM23="",$E23=""),"",AM23-$E23) -> 1.1 | AO23: 32 | AP23: =IF(OR(AO23="",CA23=""),"",AO23/CA23*100) -> 64 | AQ23: =IF(AP23="","",IFERROR(MATCH(AP23,INDEX(Boundaries!$B$2:$I$30,MATCH(CO23,Boundaries!$A$2:$A$30,0),0),1)-1,"")) -> 5 | AR23: =IF(OR(AQ23="",$E23=""),"",AQ23-$E23) -> 0.1 | AS23: 19 | AT23: =IF(OR(AS23="",CB23=""),"",AS23/CB23*100) -> 76 | AU23: =IF(AT23="","",IFERROR(MATCH(AT23,INDEX(Boundaries!$B$2:$I$30,MATCH(CP23,Boundaries!$A$2:$A$30,0),0),1)-1,"")) -> 6 | AV23: =IF(OR(AU23="",$E23=""),"",AU23-$E23) -> 1.1 | AW23: 8 | AX23: =IF(OR(AW23="",CC23=""),"",AW23/CC23*100) -> 50 | AY23: =IF(AX23="","",IFERROR(MATCH(AX23,INDEX(Boundaries!$B$2:$I$30,MATCH(CQ23,Boundaries!$A$2:$A$30,0),0),1)-1,"")) -> 3 | AZ23: =IF(OR(AY23="",$E23=""),"",AY23-$E23) -> -1.9 | BA23: 17 | BB23: =IF(OR(BA23="",CD23=""),"",BA23/CD23*100) -> 56.666667 | BC23: =IF(BB23="","",IFERROR(MATCH(BB23,INDEX(Boundaries!$B$2:$I$30,MATCH(CR23,Boundaries!$A$2:$A$30,0),0),1)-1,"")) -> 5 | BD23: =IF(OR(BC23="",$E23=""),"",BC23-$E23) -> 0.1 | BF23: =IF(OR(BE23="",CE23=""),"",BE23/CE23*100) | BG23: =IF(BF23="","",IFERROR(MATCH(BF23,INDEX(Boundaries!$B$2:$I$30,MATCH(CS23,Boundaries!$A$2:$A$30,0),0),1)-1,"")) | BH23: =IF(OR(BG23="",$E23=""),"",BG23-$E23) | BJ23: =IF(OR(BI23="",CF23=""),"",BI23/CF23*100) | BK23: =IF(BJ23="","",IFERROR(MATCH(BJ23,INDEX(Boundaries!$B$2:$I$30,MATCH(CT23,Boundaries!$A$2:$A$30,0),0),1)-1,"")) | BL23: =IF(OR(BK23="",$E23=""),"",BK23-$E23) | BN23: =IF(OR(BM23="",CG23=""),"",BM23/CG23*100) | BO23: =IF(BN23="","",IFERROR(MATCH(BN23,INDEX(Boundaries!$B$2:$I$30,MATCH(CU23,Boundaries!$A$2:$A$30,0),0),1)-1,"")) | BP23: =IF(OR(BO23="",$E23=""),"",BO23-$E23) | BR23: =IF(OR(BQ23="",CH23=""),"",BQ23/CH23*100) | BS23: =IF(BR23="","",IFERROR(MATCH(BR23,INDEX(Boundaries!$B$2:$I$30,MATCH(CV23,Boundaries!$A$2:$A$30,0),0),1)-1,"")) | BT23: =IF(OR(BS23="",$E23=""),"",BS23-$E23) | BU23: =IFERROR(INDEX(Assessments!$H$2:$H$600,MATCH($H23&"|"&$I23&"|"&$J23&"|"&1,Assessments!$A$2:$A$600,0)),"") -> 20 | BV23: =IFERROR(INDEX(Assessments!$H$2:$H$600,MATCH($H23&"|"&$I23&"|"&$J23&"|"&2,Assessments!$A$2:$A$600,0)),"") -> 20 | BW23: =IFERROR(INDEX(Assessments!$H$2:$H$600,MATCH($H23&"|"&$I23&"|"&$J23&"|"&3,Assessments!$A$2:$A$600,0)),"") -> 20 | BX23: =IFERROR(INDEX(Assessments!$H$2:$H$600,MATCH($H23&"|"&$I23&"|"&$J23&"|"&4,Assessments!$A$2:$A$600,0)),"") -> 20 | BY23: =IFERROR(INDEX(Assessments!$H$2:$H$600,MATCH($H23&"|"&$I23&"|"&$J23&"|"&5,Assessments!$A$2:$A$600,0)),"") -> 20 | BZ23: =IFERROR(INDEX(Assessments!$H$2:$H$600,MATCH($H23&"|"&$I23&"|"&$J23&"|"&6,Assessments!$A$2:$A$600,0)),"") -> 40 | CA23: =IFERROR(INDEX(Assessments!$H$2:$H$600,MATCH($H23&"|"&$I23&"|"&$J23&"|"&7,Assessments!$A$2:$A$600,0)),"") -> 50 | CB23: =IFERROR(INDEX(Assessments!$H$2:$H$600,MATCH($H23&"|"&$I23&"|"&$J23&"|"&8,Assessments!$A$2:$A$600,0)),"") -> 25 | CC23: =IFERROR(INDEX(Assessments!$H$2:$H$600,MATCH($H23&"|"&$I23&"|"&$J23&"|"&9,Assessments!$A$2:$A$600,0)),"") -> 16 | CD23: =IFERROR(INDEX(Assessments!$H$2:$H$600,MATCH($H23&"|"&$I23&"|"&$J23&"|"&10,Assessments!$A$2:$A$600,0)),"") -> 30 | CE23: =IFERROR(INDEX(Assessments!$H$2:$H$600,MATCH($H23&"|"&$I23&"|"&$J23&"|"&11,Assessments!$A$2:$A$600,0)),"") | CF23: =IFERROR(INDEX(Assessments!$H$2:$H$600,MATCH($H23&"|"&$I23&"|"&$J23&"|"&12,Assessments!$A$2:$A$600,0)),"") | CG23: =IFERROR(INDEX(Assessments!$H$2:$H$600,MATCH($H23&"|"&$I23&"|"&$J23&"|"&13,Assessments!$A$2:$A$600,0)),"") | CH23: =IFERROR(INDEX(Assessments!$H$2:$H$600,MATCH($H23&"|"&$I23&"|"&$J23&"|"&14,Assessments!$A$2:$A$600,0)),"") | CI23: =IFERROR(INDEX(Assessments!$I$2:$I$600,MATCH($H23&"|"&$I23&"|"&$J23&"|"&1,Assessments!$A$2:$A$600,0)),"") -> Geog Paper 1 | CJ23: =IFERROR(INDEX(Assessments!$I$2:$I$600,MATCH($H23&"|"&$I23&"|"&$J23&"|"&2,Assessments!$A$2:$A$600,0)),"") -> Geog Paper 1 | CK23: =IFERROR(INDEX(Assessments!$I$2:$I$600,MATCH($H23&"|"&$I23&"|"&$J23&"|"&3,Assessments!$A$2:$A$600,0)),"") -> Geog Paper 2 | CL23: =IFERROR(INDEX(Assessments!$I$2:$I$600,MATCH($H23&"|"&$I23&"|"&$J23&"|"&4,Assessments!$A$2:$A$600,0)),"") -> Geog Paper 1 | CM23: =IFERROR(INDEX(Assessments!$I$2:$I$600,MATCH($H23&"|"&$I23&"|"&$J23&"|"&5,Assessments!$A$2:$A$600,0)),"") -> Geog Paper 1 | CN23: =IFERROR(INDEX(Assessments!$I$2:$I$600,MATCH($H23&"|"&$I23&"|"&$J23&"|"&6,Assessments!$A$2:$A$600,0)),"") -> Geog Paper 1 | CO23: =IFERROR(INDEX(Assessments!$I$2:$I$600,MATCH($H23&"|"&$I23&"|"&$J23&"|"&7,Assessments!$A$2:$A$600,0)),"") -> Geog Paper 2 | CP23: =IFERROR(INDEX(Assessments!$I$2:$I$600,MATCH($H23&"|"&$I23&"|"&$J23&"|"&8,Assessments!$A$2:$A$600,0)),"") -> Geog Paper 2 | CQ23: =IFERROR(INDEX(Assessments!$I$2:$I$600,MATCH($H23&"|"&$I23&"|"&$J23&"|"&9,Assessments!$A$2:$A$600,0)),"") -> Geog Paper 3 | CR23: =IFERROR(INDEX(Assessments!$I$2:$I$600,MATCH($H23&"|"&$I23&"|"&$J23&"|"&10,Assessments!$A$2:$A$600,0)),"") -> Geog Paper 2 | CS23: =IFERROR(INDEX(Assessments!$I$2:$I$600,MATCH($H23&"|"&$I23&"|"&$J23&"|"&11,Assessments!$A$2:$A$600,0)),"") | CT23: =IFERROR(INDEX(Assessments!$I$2:$I$600,MATCH($H23&"|"&$I23&"|"&$J23&"|"&12,Assessments!$A$2:$A$600,0)),"") | CU23: =IFERROR(INDEX(Assessments!$I$2:$I$600,MATCH($H23&"|"&$I23&"|"&$J23&"|"&13,Assessments!$A$2:$A$600,0)),"") | CV23: =IFERROR(INDEX(Assessments!$I$2:$I$600,MATCH($H23&"|"&$I23&"|"&$J23&"|"&14,Assessments!$A$2:$A$600,0)),"") | CW23: =IFERROR(INDEX(Assessments!$J$2:$J$600,MATCH($H23&"|"&$I23&"|"&$J23&"|"&1,Assessments!$A$2:$A$600,0)),0) -> 1 | CX23: =IFERROR(INDEX(Assessments!$J$2:$J$600,MATCH($H23&"|"&$I23&"|"&$J23&"|"&2,Assessments!$A$2:$A$600,0)),0) -> 1 | CY23: =IFERROR(INDEX(Assessments!$J$2:$J$600,MATCH($H23&"|"&$I23&"|"&$J23&"|"&3,Assessments!$A$2:$A$600,0)),0) -> 1 | CZ23: =IFERROR(INDEX(Assessments!$J$2:$J$600,MATCH($H23&"|"&$I23&"|"&$J23&"|"&4,Assessments!$A$2:$A$600,0)),0) -> 1 | DA23: =IFERROR(INDEX(Assessments!$J$2:$J$600,MATCH($H23&"|"&$I23&"|"&$J23&"|"&5,Assessments!$A$2:$A$600,0)),0) -> 1 | DB23: =IFERROR(INDEX(Assessments!$J$2:$J$600,MATCH($H23&"|"&$I23&"|"&$J23&"|"&6,Assessments!$A$2:$A$600,0)),0) -> 2 | DC23: =IFERROR(INDEX(Assessments!$J$2:$J$600,MATCH($H23&"|"&$I23&"|"&$J23&"|"&7,Assessments!$A$2:$A$600,0)),0) -> 2 | DD23: =IFERROR(INDEX(Assessments!$J$2:$J$600,MATCH($H23&"|"&$I23&"|"&$J23&"|"&8,Assessments!$A$2:$A$600,0)),0) -> 1 | DE23: =IFERROR(INDEX(Assessments!$J$2:$J$600,MATCH($H23&"|"&$I23&"|"&$J23&"|"&9,Assessments!$A$2:$A$600,0)),0) -> 1 | DF23: =IFERROR(INDEX(Assessments!$J$2:$J$600,MATCH($H23&"|"&$I23&"|"&$J23&"|"&10,Assessments!$A$2:$A$600,0)),0) -> 1 | DG23: =IFERROR(INDEX(Assessments!$J$2:$J$600,MATCH($H23&"|"&$I23&"|"&$J23&"|"&11,Assessments!$A$2:$A$600,0)),0) -> 0 | DH23: =IFERROR(INDEX(Assessments!$J$2:$J$600,MATCH($H23&"|"&$I23&"|"&$J23&"|"&12,Assessments!$A$2:$A$600,0)),0) -> 0 | DI23: =IFERROR(INDEX(Assessments!$J$2:$J$600,MATCH($H23&"|"&$I23&"|"&$J23&"|"&13,Assessments!$A$2:$A$600,0)),0) -> 0 | DJ23: =IFERROR(INDEX(Assessments!$J$2:$J$600,MATCH($H23&"|"&$I23&"|"&$J23&"|"&14,Assessments!$A$2:$A$600,0)),0) -> 0 | DK23: =S23 -> 6 | DL23: =W23 -> 5 | DM23: =AA23 -> 6 | DN23: =AE23 -> 6 | DO23: =AI23 -> 6 | DP23: =AM23 -> 6 | DQ23: =AQ23 -> 5 | DR23: =AU23 -> 6 | DS23: =AY23 -> 3 | DT23: =BC23 -> 5 | DU23: =BG23 | DV23: =BK23 | DW23: =BO23 | DX23: =BS23 | DY23: =IF(ISNUMBER(S23),1,"") -> 1 | DZ23: =IF(ISNUMBER(W23),2,"") -> 2 | EA23: =IF(ISNUMBER(AA23),3,"") -> 3 | EB23: =IF(ISNUMBER(AE23),4,"") -> 4 | EC23: =IF(ISNUMBER(AI23),5,"") -> 5 | ED23: =IF(ISNUMBER(AM23),6,"") -> 6 | EE23: =IF(ISNUMBER(AQ23),7,"") -> 7 | EF23: =IF(ISNUMBER(AU23),8,"") -> 8 | EG23: =IF(ISNUMBER(AY23),9,"") -> 9 | EH23: =IF(ISNUMBER(BC23),10,"") -> 10 | EI23: =IF(ISNUMBER(BG23),11,"") | EJ23: =IF(ISNUMBER(BK23),12,"") | EK23: =IF(ISNUMBER(BO23),13,"") | EL23: =IF(ISNUMBER(BS23),14,"") | EM23: =IF(ISNUMBER(R23),R23*CW23,0) -> 70 | EN23: =IF(ISNUMBER(V23),V23*CX23,0) -> 55 | EO23: =IF(ISNUMBER(Z23),Z23*CY23,0) -> 75 | EP23: =IF(ISNUMBER(AD23),AD23*CZ23,0) -> 70 | EQ23: =IF(ISNUMBER(AH23),AH23*DA23,0) -> 70 | ER23: =IF(ISNUMBER(AL23),AL23*DB23,0) -> 130 | ES23: =IF(ISNUMBER(AP23),AP23*DC23,0) -> 128 | ET23: =IF(ISNUMBER(AT23),AT23*DD23,0) -> 76 | EU23: =IF(ISNUMBER(AX23),AX23*DE23,0) -> 50 | EV23: =IF(ISNUMBER(BB23),BB23*DF23,0) -> 56.666667 | EW23: =IF(ISNUMBER(BF23),BF23*DG23,0) -> 0 | EX23: =IF(ISNUMBER(BJ23),BJ23*DH23,0) -> 0 | EY23: =IF(ISNUMBER(BN23),BN23*DI23,0) -> 0 | EZ23: =IF(ISNUMBER(BR23),BR23*DJ23,0) -> 0 | FA23: =IF(ISNUMBER(R23),CW23,0) -> 1 | FB23: =IF(ISNUMBER(V23),CX23,0) -> 1 | FC23: =IF(ISNUMBER(Z23),CY23,0) -> 1 | FD23: =IF(ISNUMBER(AD23),CZ23,0) -> 1 | FE23: =IF(ISNUMBER(AH23),DA23,0) -> 1 | FF23: =IF(ISNUMBER(AL23),DB23,0) -> 2 | FG23: =IF(ISNUMBER(AP23),DC23,0) -> 2 | FH23: =IF(ISNUMBER(AT23),DD23,0) -> 1 | FI23: =IF(ISNUMBER(AX23),DE23,0) -> 1 | FJ23: =IF(ISNUMBER(BB23),DF23,0) -> 1 | FK23: =IF(ISNUMBER(BF23),DG23,0) -> 0 | FL23: =IF(ISNUMBER(BJ23),DH23,0) -> 0 | FM23: =IF(ISNUMBER(BN23),DI23,0) -> 0 | FN23: =IF(ISNUMBER(BR23),DJ23,0) -> 0 | FO23: =IFERROR(INDEX(Lists!$G$2:$G$20,MATCH($I23&"|"&$J23,Lists!$F$2:$F$20,0)),"") -> Geog Overall HL
A24: Philip | B24: Duckworth | C24: 12.3 | D24: REBO | E24: 5.7 | F24: 6 | G24: Y | H24: Grad 2027 | I24: IB Geography | J24: HL | K24: =IF(OR(M24="",$E24=""),"",M24-$E24) -> -0.7 | L24: =IF(SUM(FA24:FN24)=0,"",SUM(EM24:EZ24)/SUM(FA24:FN24)) -> 57.402778 | M24: =IF(OR(L24="",FO24=""),"",IFERROR(MATCH(L24,INDEX(Boundaries!$B$2:$I$30,MATCH(FO24,Boundaries!$A$2:$A$30,0),0),1)-1,"")) -> 5 | N24: =IF(COUNT($DY24:$EL24)<2,"",INDEX($DK24:$DX24,MAX($DY24:$EL24))-INDEX($DK24:$DX24,MIN($DY24:$EL24))) -> -1 | O24: =IF(COUNT($DY24:$EL24)<2,"",INDEX($DK24:$DX24,MAX($DY24:$EL24))-INDEX($DK24:$DX24,LARGE($DY24:$EL24,2))) -> 1 | P24: =IF(K24="","",IF(K24>=0,"On/above target",IF(AND(N24<>"",N24>=0.5),"Improving towards target",IF(AND(O24<>"",O24<=-0.5),"Declining","Stable below target")))) -> Stable below target | Q24: 12 | R24: =IF(OR(Q24="",BU24=""),"",Q24/BU24*100) -> 60 | S24: =IF(R24="","",IFERROR(MATCH(R24,INDEX(Boundaries!$B$2:$I$30,MATCH(CI24,Boundaries!$A$2:$A$30,0),0),1)-1,"")) -> 5 | T24: =IF(OR(S24="",$E24=""),"",S24-$E24) -> -0.7 | U24: 12 | V24: =IF(OR(U24="",BV24=""),"",U24/BV24*100) -> 60 | W24: =IF(V24="","",IFERROR(MATCH(V24,INDEX(Boundaries!$B$2:$I$30,MATCH(CJ24,Boundaries!$A$2:$A$30,0),0),1)-1,"")) -> 5 | X24: =IF(OR(W24="",$E24=""),"",W24-$E24) -> -0.7 | Y24: 16 | Z24: =IF(OR(Y24="",BW24=""),"",Y24/BW24*100) -> 80 | AA24: =IF(Z24="","",IFERROR(MATCH(Z24,INDEX(Boundaries!$B$2:$I$30,MATCH(CK24,Boundaries!$A$2:$A$30,0),0),1)-1,"")) -> 7 | AB24: =IF(OR(AA24="",$E24=""),"",AA24-$E24) -> 1.3 | AC24: 8 | AD24: =IF(OR(AC24="",BX24=""),"",AC24/BX24*100) -> 40 | AE24: =IF(AD24="","",IFERROR(MATCH(AD24,INDEX(Boundaries!$B$2:$I$30,MATCH(CL24,Boundaries!$A$2:$A$30,0),0),1)-1,"")) -> 3 | AF24: =IF(OR(AE24="",$E24=""),"",AE24-$E24) -> -2.7 | AG24: 15 | AH24: =IF(OR(AG24="",BY24=""),"",AG24/BY24*100) -> 75 | AI24: =IF(AH24="","",IFERROR(MATCH(AH24,INDEX(Boundaries!$B$2:$I$30,MATCH(CM24,Boundaries!$A$2:$A$30,0),0),1)-1,"")) -> 7 | AJ24: =IF(OR(AI24="",$E24=""),"",AI24-$E24) -> 1.3 | AK24: 25 | AL24: =IF(OR(AK24="",BZ24=""),"",AK24/BZ24*100) -> 62.5 | AM24: =IF(AL24="","",IFERROR(MATCH(AL24,INDEX(Boundaries!$B$2:$I$30,MATCH(CN24,Boundaries!$A$2:$A$30,0),0),1)-1,"")) -> 6 | AN24: =IF(OR(AM24="",$E24=""),"",AM24-$E24) -> 0.3 | AO24: 25 | AP24: =IF(OR(AO24="",CA24=""),"",AO24/CA24*100) -> 50 | AQ24: =IF(AP24="","",IFERROR(MATCH(AP24,INDEX(Boundaries!$B$2:$I$30,MATCH(CO24,Boundaries!$A$2:$A$30,0),0),1)-1,"")) -> 4 | AR24: =IF(OR(AQ24="",$E24=""),"",AQ24-$E24) -> -1.7 | AS24: 17 | AT24: =IF(OR(AS24="",CB24=""),"",AS24/CB24*100) -> 68 | AU24: =IF(AT24="","",IFERROR(MATCH(AT24,INDEX(Boundaries!$B$2:$I$30,MATCH(CP24,Boundaries!$A$2:$A$30,0),0),1)-1,"")) -> 6 | AV24: =IF(OR(AU24="",$E24=""),"",AU24-$E24) -> 0.3 | AW24: 6 | AX24: =IF(OR(AW24="",CC24=""),"",AW24/CC24*100) -> 37.5 | AY24: =IF(AX24="","",IFERROR(MATCH(AX24,INDEX(Boundaries!$B$2:$I$30,MATCH(CQ24,Boundaries!$A$2:$A$30,0),0),1)-1,"")) -> 3 | AZ24: =IF(OR(AY24="",$E24=""),"",AY24-$E24) -> -2.7 | BA24: 13 | BB24: =IF(OR(BA24="",CD24=""),"",BA24/CD24*100) -> 43.333333 | BC24: =IF(BB24="","",IFERROR(MATCH(BB24,INDEX(Boundaries!$B$2:$I$30,MATCH(CR24,Boundaries!$A$2:$A$30,0),0),1)-1,"")) -> 4 | BD24: =IF(OR(BC24="",$E24=""),"",BC24-$E24) -> -1.7 | BF24: =IF(OR(BE24="",CE24=""),"",BE24/CE24*100) | BG24: =IF(BF24="","",IFERROR(MATCH(BF24,INDEX(Boundaries!$B$2:$I$30,MATCH(CS24,Boundaries!$A$2:$A$30,0),0),1)-1,"")) | BH24: =IF(OR(BG24="",$E24=""),"",BG24-$E24) | BJ24: =IF(OR(BI24="",CF24=""),"",BI24/CF24*100) | BK24: =IF(BJ24="","",IFERROR(MATCH(BJ24,INDEX(Boundaries!$B$2:$I$30,MATCH(CT24,Boundaries!$A$2:$A$30,0),0),1)-1,"")) | BL24: =IF(OR(BK24="",$E24=""),"",BK24-$E24) | BN24: =IF(OR(BM24="",CG24=""),"",BM24/CG24*100) | BO24: =IF(BN24="","",IFERROR(MATCH(BN24,INDEX(Boundaries!$B$2:$I$30,MATCH(CU24,Boundaries!$A$2:$A$30,0),0),1)-1,"")) | BP24: =IF(OR(BO24="",$E24=""),"",BO24-$E24) | BR24: =IF(OR(BQ24="",CH24=""),"",BQ24/CH24*100) | BS24: =IF(BR24="","",IFERROR(MATCH(BR24,INDEX(Boundaries!$B$2:$I$30,MATCH(CV24,Boundaries!$A$2:$A$30,0),0),1)-1,"")) | BT24: =IF(OR(BS24="",$E24=""),"",BS24-$E24) | BU24: =IFERROR(INDEX(Assessments!$H$2:$H$600,MATCH($H24&"|"&$I24&"|"&$J24&"|"&1,Assessments!$A$2:$A$600,0)),"") -> 20 | BV24: =IFERROR(INDEX(Assessments!$H$2:$H$600,MATCH($H24&"|"&$I24&"|"&$J24&"|"&2,Assessments!$A$2:$A$600,0)),"") -> 20 | BW24: =IFERROR(INDEX(Assessments!$H$2:$H$600,MATCH($H24&"|"&$I24&"|"&$J24&"|"&3,Assessments!$A$2:$A$600,0)),"") -> 20 | BX24: =IFERROR(INDEX(Assessments!$H$2:$H$600,MATCH($H24&"|"&$I24&"|"&$J24&"|"&4,Assessments!$A$2:$A$600,0)),"") -> 20 | BY24: =IFERROR(INDEX(Assessments!$H$2:$H$600,MATCH($H24&"|"&$I24&"|"&$J24&"|"&5,Assessments!$A$2:$A$600,0)),"") -> 20 | BZ24: =IFERROR(INDEX(Assessments!$H$2:$H$600,MATCH($H24&"|"&$I24&"|"&$J24&"|"&6,Assessments!$A$2:$A$600,0)),"") -> 40 | CA24: =IFERROR(INDEX(Assessments!$H$2:$H$600,MATCH($H24&"|"&$I24&"|"&$J24&"|"&7,Assessments!$A$2:$A$600,0)),"") -> 50 | CB24: =IFERROR(INDEX(Assessments!$H$2:$H$600,MATCH($H24&"|"&$I24&"|"&$J24&"|"&8,Assessments!$A$2:$A$600,0)),"") -> 25 | CC24: =IFERROR(INDEX(Assessments!$H$2:$H$600,MATCH($H24&"|"&$I24&"|"&$J24&"|"&9,Assessments!$A$2:$A$600,0)),"") -> 16 | CD24: =IFERROR(INDEX(Assessments!$H$2:$H$600,MATCH($H24&"|"&$I24&"|"&$J24&"|"&10,Assessments!$A$2:$A$600,0)),"") -> 30 | CE24: =IFERROR(INDEX(Assessments!$H$2:$H$600,MATCH($H24&"|"&$I24&"|"&$J24&"|"&11,Assessments!$A$2:$A$600,0)),"") | CF24: =IFERROR(INDEX(Assessments!$H$2:$H$600,MATCH($H24&"|"&$I24&"|"&$J24&"|"&12,Assessments!$A$2:$A$600,0)),"") | CG24: =IFERROR(INDEX(Assessments!$H$2:$H$600,MATCH($H24&"|"&$I24&"|"&$J24&"|"&13,Assessments!$A$2:$A$600,0)),"") | CH24: =IFERROR(INDEX(Assessments!$H$2:$H$600,MATCH($H24&"|"&$I24&"|"&$J24&"|"&14,Assessments!$A$2:$A$600,0)),"") | CI24: =IFERROR(INDEX(Assessments!$I$2:$I$600,MATCH($H24&"|"&$I24&"|"&$J24&"|"&1,Assessments!$A$2:$A$600,0)),"") -> Geog Paper 1 | CJ24: =IFERROR(INDEX(Assessments!$I$2:$I$600,MATCH($H24&"|"&$I24&"|"&$J24&"|"&2,Assessments!$A$2:$A$600,0)),"") -> Geog Paper 1 | CK24: =IFERROR(INDEX(Assessments!$I$2:$I$600,MATCH($H24&"|"&$I24&"|"&$J24&"|"&3,Assessments!$A$2:$A$600,0)),"") -> Geog Paper 2 | CL24: =IFERROR(INDEX(Assessments!$I$2:$I$600,MATCH($H24&"|"&$I24&"|"&$J24&"|"&4,Assessments!$A$2:$A$600,0)),"") -> Geog Paper 1 | CM24: =IFERROR(INDEX(Assessments!$I$2:$I$600,MATCH($H24&"|"&$I24&"|"&$J24&"|"&5,Assessments!$A$2:$A$600,0)),"") -> Geog Paper 1 | CN24: =IFERROR(INDEX(Assessments!$I$2:$I$600,MATCH($H24&"|"&$I24&"|"&$J24&"|"&6,Assessments!$A$2:$A$600,0)),"") -> Geog Paper 1 | CO24: =IFERROR(INDEX(Assessments!$I$2:$I$600,MATCH($H24&"|"&$I24&"|"&$J24&"|"&7,Assessments!$A$2:$A$600,0)),"") -> Geog Paper 2 | CP24: =IFERROR(INDEX(Assessments!$I$2:$I$600,MATCH($H24&"|"&$I24&"|"&$J24&"|"&8,Assessments!$A$2:$A$600,0)),"") -> Geog Paper 2 | CQ24: =IFERROR(INDEX(Assessments!$I$2:$I$600,MATCH($H24&"|"&$I24&"|"&$J24&"|"&9,Assessments!$A$2:$A$600,0)),"") -> Geog Paper 3 | CR24: =IFERROR(INDEX(Assessments!$I$2:$I$600,MATCH($H24&"|"&$I24&"|"&$J24&"|"&10,Assessments!$A$2:$A$600,0)),"") -> Geog Paper 2 | CS24: =IFERROR(INDEX(Assessments!$I$2:$I$600,MATCH($H24&"|"&$I24&"|"&$J24&"|"&11,Assessments!$A$2:$A$600,0)),"") | CT24: =IFERROR(INDEX(Assessments!$I$2:$I$600,MATCH($H24&"|"&$I24&"|"&$J24&"|"&12,Assessments!$A$2:$A$600,0)),"") | CU24: =IFERROR(INDEX(Assessments!$I$2:$I$600,MATCH($H24&"|"&$I24&"|"&$J24&"|"&13,Assessments!$A$2:$A$600,0)),"") | CV24: =IFERROR(INDEX(Assessments!$I$2:$I$600,MATCH($H24&"|"&$I24&"|"&$J24&"|"&14,Assessments!$A$2:$A$600,0)),"") | CW24: =IFERROR(INDEX(Assessments!$J$2:$J$600,MATCH($H24&"|"&$I24&"|"&$J24&"|"&1,Assessments!$A$2:$A$600,0)),0) -> 1 | CX24: =IFERROR(INDEX(Assessments!$J$2:$J$600,MATCH($H24&"|"&$I24&"|"&$J24&"|"&2,Assessments!$A$2:$A$600,0)),0) -> 1 | CY24: =IFERROR(INDEX(Assessments!$J$2:$J$600,MATCH($H24&"|"&$I24&"|"&$J24&"|"&3,Assessments!$A$2:$A$600,0)),0) -> 1 | CZ24: =IFERROR(INDEX(Assessments!$J$2:$J$600,MATCH($H24&"|"&$I24&"|"&$J24&"|"&4,Assessments!$A$2:$A$600,0)),0) -> 1 | DA24: =IFERROR(INDEX(Assessments!$J$2:$J$600,MATCH($H24&"|"&$I24&"|"&$J24&"|"&5,Assessments!$A$2:$A$600,0)),0) -> 1 | DB24: =IFERROR(INDEX(Assessments!$J$2:$J$600,MATCH($H24&"|"&$I24&"|"&$J24&"|"&6,Assessments!$A$2:$A$600,0)),0) -> 2 | DC24: =IFERROR(INDEX(Assessments!$J$2:$J$600,MATCH($H24&"|"&$I24&"|"&$J24&"|"&7,Assessments!$A$2:$A$600,0)),0) -> 2 | DD24: =IFERROR(INDEX(Assessments!$J$2:$J$600,MATCH($H24&"|"&$I24&"|"&$J24&"|"&8,Assessments!$A$2:$A$600,0)),0) -> 1 | DE24: =IFERROR(INDEX(Assessments!$J$2:$J$600,MATCH($H24&"|"&$I24&"|"&$J24&"|"&9,Assessments!$A$2:$A$600,0)),0) -> 1 | DF24: =IFERROR(INDEX(Assessments!$J$2:$J$600,MATCH($H24&"|"&$I24&"|"&$J24&"|"&10,Assessments!$A$2:$A$600,0)),0) -> 1 | DG24: =IFERROR(INDEX(Assessments!$J$2:$J$600,MATCH($H24&"|"&$I24&"|"&$J24&"|"&11,Assessments!$A$2:$A$600,0)),0) -> 0 | DH24: =IFERROR(INDEX(Assessments!$J$2:$J$600,MATCH($H24&"|"&$I24&"|"&$J24&"|"&12,Assessments!$A$2:$A$600,0)),0) -> 0 | DI24: =IFERROR(INDEX(Assessments!$J$2:$J$600,MATCH($H24&"|"&$I24&"|"&$J24&"|"&13,Assessments!$A$2:$A$600,0)),0) -> 0 | DJ24: =IFERROR(INDEX(Assessments!$J$2:$J$600,MATCH($H24&"|"&$I24&"|"&$J24&"|"&14,Assessments!$A$2:$A$600,0)),0) -> 0 | DK24: =S24 -> 5 | DL24: =W24 -> 5 | DM24: =AA24 -> 7 | DN24: =AE24 -> 3 | DO24: =AI24 -> 7 | DP24: =AM24 -> 6 | DQ24: =AQ24 -> 4 | DR24: =AU24 -> 6 | DS24: =AY24 -> 3 | DT24: =BC24 -> 4 | DU24: =BG24 | DV24: =BK24 | DW24: =BO24 | DX24: =BS24 | DY24: =IF(ISNUMBER(S24),1,"") -> 1 | DZ24: =IF(ISNUMBER(W24),2,"") -> 2 | EA24: =IF(ISNUMBER(AA24),3,"") -> 3 | EB24: =IF(ISNUMBER(AE24),4,"") -> 4 | EC24: =IF(ISNUMBER(AI24),5,"") -> 5 | ED24: =IF(ISNUMBER(AM24),6,"") -> 6 | EE24: =IF(ISNUMBER(AQ24),7,"") -> 7 | EF24: =IF(ISNUMBER(AU24),8,"") -> 8 | EG24: =IF(ISNUMBER(AY24),9,"") -> 9 | EH24: =IF(ISNUMBER(BC24),10,"") -> 10 | EI24: =IF(ISNUMBER(BG24),11,"") | EJ24: =IF(ISNUMBER(BK24),12,"") | EK24: =IF(ISNUMBER(BO24),13,"") | EL24: =IF(ISNUMBER(BS24),14,"") | EM24: =IF(ISNUMBER(R24),R24*CW24,0) -> 60 | EN24: =IF(ISNUMBER(V24),V24*CX24,0) -> 60 | EO24: =IF(ISNUMBER(Z24),Z24*CY24,0) -> 80 | EP24: =IF(ISNUMBER(AD24),AD24*CZ24,0) -> 40 | EQ24: =IF(ISNUMBER(AH24),AH24*DA24,0) -> 75 | ER24: =IF(ISNUMBER(AL24),AL24*DB24,0) -> 125 | ES24: =IF(ISNUMBER(AP24),AP24*DC24,0) -> 100 | ET24: =IF(ISNUMBER(AT24),AT24*DD24,0) -> 68 | EU24: =IF(ISNUMBER(AX24),AX24*DE24,0) -> 37.5 | EV24: =IF(ISNUMBER(BB24),BB24*DF24,0) -> 43.333333 | EW24: =IF(ISNUMBER(BF24),BF24*DG24,0) -> 0 | EX24: =IF(ISNUMBER(BJ24),BJ24*DH24,0) -> 0 | EY24: =IF(ISNUMBER(BN24),BN24*DI24,0) -> 0 | EZ24: =IF(ISNUMBER(BR24),BR24*DJ24,0) -> 0 | FA24: =IF(ISNUMBER(R24),CW24,0) -> 1 | FB24: =IF(ISNUMBER(V24),CX24,0) -> 1 | FC24: =IF(ISNUMBER(Z24),CY24,0) -> 1 | FD24: =IF(ISNUMBER(AD24),CZ24,0) -> 1 | FE24: =IF(ISNUMBER(AH24),DA24,0) -> 1 | FF24: =IF(ISNUMBER(AL24),DB24,0) -> 2 | FG24: =IF(ISNUMBER(AP24),DC24,0) -> 2 | FH24: =IF(ISNUMBER(AT24),DD24,0) -> 1 | FI24: =IF(ISNUMBER(AX24),DE24,0) -> 1 | FJ24: =IF(ISNUMBER(BB24),DF24,0) -> 1 | FK24: =IF(ISNUMBER(BF24),DG24,0) -> 0 | FL24: =IF(ISNUMBER(BJ24),DH24,0) -> 0 | FM24: =IF(ISNUMBER(BN24),DI24,0) -> 0 | FN24: =IF(ISNUMBER(BR24),DJ24,0) -> 0 | FO24: =IFERROR(INDEX(Lists!$G$2:$G$20,MATCH($I24&"|"&$J24,Lists!$F$2:$F$20,0)),"") -> Geog Overall HL
A25: Nishka | B25: Dusad * | C25: 12.3 | D25: REBO | E25: 5.5 | F25: 6 | H25: Grad 2027 | I25: IB Geography | J25: HL | K25: =IF(OR(M25="",$E25=""),"",M25-$E25) -> 0.5 | L25: =IF(SUM(FA25:FN25)=0,"",SUM(EM25:EZ25)/SUM(FA25:FN25)) -> 72.798611 | M25: =IF(OR(L25="",FO25=""),"",IFERROR(MATCH(L25,INDEX(Boundaries!$B$2:$I$30,MATCH(FO25,Boundaries!$A$2:$A$30,0),0),1)-1,"")) -> 6 | N25: =IF(COUNT($DY25:$EL25)<2,"",INDEX($DK25:$DX25,MAX($DY25:$EL25))-INDEX($DK25:$DX25,MIN($DY25:$EL25))) -> -1 | O25: =IF(COUNT($DY25:$EL25)<2,"",INDEX($DK25:$DX25,MAX($DY25:$EL25))-INDEX($DK25:$DX25,LARGE($DY25:$EL25,2))) -> 2 | P25: =IF(K25="","",IF(K25>=0,"On/above target",IF(AND(N25<>"",N25>=0.5),"Improving towards target",IF(AND(O25<>"",O25<=-0.5),"Declining","Stable below target")))) -> On/above target | Q25: 15 | R25: =IF(OR(Q25="",BU25=""),"",Q25/BU25*100) -> 75 | S25: =IF(R25="","",IFERROR(MATCH(R25,INDEX(Boundaries!$B$2:$I$30,MATCH(CI25,Boundaries!$A$2:$A$30,0),0),1)-1,"")) -> 7 | T25: =IF(OR(S25="",$E25=""),"",S25-$E25) -> 1.5 | U25: 11 | V25: =IF(OR(U25="",BV25=""),"",U25/BV25*100) -> 55 | W25: =IF(V25="","",IFERROR(MATCH(V25,INDEX(Boundaries!$B$2:$I$30,MATCH(CJ25,Boundaries!$A$2:$A$30,0),0),1)-1,"")) -> 5 | X25: =IF(OR(W25="",$E25=""),"",W25-$E25) -> -0.5 | Y25: 14 | Z25: =IF(OR(Y25="",BW25=""),"",Y25/BW25*100) -> 70 | AA25: =IF(Z25="","",IFERROR(MATCH(Z25,INDEX(Boundaries!$B$2:$I$30,MATCH(CK25,Boundaries!$A$2:$A$30,0),0),1)-1,"")) -> 6 | AB25: =IF(OR(AA25="",$E25=""),"",AA25-$E25) -> 0.5 | AC25: 16 | AD25: =IF(OR(AC25="",BX25=""),"",AC25/BX25*100) -> 80 | AE25: =IF(AD25="","",IFERROR(MATCH(AD25,INDEX(Boundaries!$B$2:$I$30,MATCH(CL25,Boundaries!$A$2:$A$30,0),0),1)-1,"")) -> 7 | AF25: =IF(OR(AE25="",$E25=""),"",AE25-$E25) -> 1.5 | AG25: 16 | AH25: =IF(OR(AG25="",BY25=""),"",AG25/BY25*100) -> 80 | AI25: =IF(AH25="","",IFERROR(MATCH(AH25,INDEX(Boundaries!$B$2:$I$30,MATCH(CM25,Boundaries!$A$2:$A$30,0),0),1)-1,"")) -> 7 | AJ25: =IF(OR(AI25="",$E25=""),"",AI25-$E25) -> 1.5 | AK25: 36 | AL25: =IF(OR(AK25="",BZ25=""),"",AK25/BZ25*100) -> 90 | AM25: =IF(AL25="","",IFERROR(MATCH(AL25,INDEX(Boundaries!$B$2:$I$30,MATCH(CN25,Boundaries!$A$2:$A$30,0),0),1)-1,"")) -> 7 | AN25: =IF(OR(AM25="",$E25=""),"",AM25-$E25) -> 1.5 | AO25: 36 | AP25: =IF(OR(AO25="",CA25=""),"",AO25/CA25*100) -> 72 | AQ25: =IF(AP25="","",IFERROR(MATCH(AP25,INDEX(Boundaries!$B$2:$I$30,MATCH(CO25,Boundaries!$A$2:$A$30,0),0),1)-1,"")) -> 6 | AR25: =IF(OR(AQ25="",$E25=""),"",AQ25-$E25) -> 0.5 | AS25: 15 | AT25: =IF(OR(AS25="",CB25=""),"",AS25/CB25*100) -> 60 | AU25: =IF(AT25="","",IFERROR(MATCH(AT25,INDEX(Boundaries!$B$2:$I$30,MATCH(CP25,Boundaries!$A$2:$A$30,0),0),1)-1,"")) -> 5 | AV25: =IF(OR(AU25="",$E25=""),"",AU25-$E25) -> -0.5 | AW25: 9 | AX25: =IF(OR(AW25="",CC25=""),"",AW25/CC25*100) -> 56.25 | AY25: =IF(AX25="","",IFERROR(MATCH(AX25,INDEX(Boundaries!$B$2:$I$30,MATCH(CQ25,Boundaries!$A$2:$A$30,0),0),1)-1,"")) -> 4 | AZ25: =IF(OR(AY25="",$E25=""),"",AY25-$E25) -> -1.5 | BA25: 22 | BB25: =IF(OR(BA25="",CD25=""),"",BA25/CD25*100) -> 73.333333 | BC25: =IF(BB25="","",IFERROR(MATCH(BB25,INDEX(Boundaries!$B$2:$I$30,MATCH(CR25,Boundaries!$A$2:$A$30,0),0),1)-1,"")) -> 6 | BD25: =IF(OR(BC25="",$E25=""),"",BC25-$E25) -> 0.5 | BF25: =IF(OR(BE25="",CE25=""),"",BE25/CE25*100) | BG25: =IF(BF25="","",IFERROR(MATCH(BF25,INDEX(Boundaries!$B$2:$I$30,MATCH(CS25,Boundaries!$A$2:$A$30,0),0),1)-1,"")) | BH25: =IF(OR(BG25="",$E25=""),"",BG25-$E25) | BJ25: =IF(OR(BI25="",CF25=""),"",BI25/CF25*100) | BK25: =IF(BJ25="","",IFERROR(MATCH(BJ25,INDEX(Boundaries!$B$2:$I$30,MATCH(CT25,Boundaries!$A$2:$A$30,0),0),1)-1,"")) | BL25: =IF(OR(BK25="",$E25=""),"",BK25-$E25) | BN25: =IF(OR(BM25="",CG25=""),"",BM25/CG25*100) | BO25: =IF(BN25="","",IFERROR(MATCH(BN25,INDEX(Boundaries!$B$2:$I$30,MATCH(CU25,Boundaries!$A$2:$A$30,0),0),1)-1,"")) | BP25: =IF(OR(BO25="",$E25=""),"",BO25-$E25) | BR25: =IF(OR(BQ25="",CH25=""),"",BQ25/CH25*100) | BS25: =IF(BR25="","",IFERROR(MATCH(BR25,INDEX(Boundaries!$B$2:$I$30,MATCH(CV25,Boundaries!$A$2:$A$30,0),0),1)-1,"")) | BT25: =IF(OR(BS25="",$E25=""),"",BS25-$E25) | BU25: =IFERROR(INDEX(Assessments!$H$2:$H$600,MATCH($H25&"|"&$I25&"|"&$J25&"|"&1,Assessments!$A$2:$A$600,0)),"") -> 20 | BV25: =IFERROR(INDEX(Assessments!$H$2:$H$600,MATCH($H25&"|"&$I25&"|"&$J25&"|"&2,Assessments!$A$2:$A$600,0)),"") -> 20 | BW25: =IFERROR(INDEX(Assessments!$H$2:$H$600,MATCH($H25&"|"&$I25&"|"&$J25&"|"&3,Assessments!$A$2:$A$600,0)),"") -> 20 | BX25: =IFERROR(INDEX(Assessments!$H$2:$H$600,MATCH($H25&"|"&$I25&"|"&$J25&"|"&4,Assessments!$A$2:$A$600,0)),"") -> 20 | BY25: =IFERROR(INDEX(Assessments!$H$2:$H$600,MATCH($H25&"|"&$I25&"|"&$J25&"|"&5,Assessments!$A$2:$A$600,0)),"") -> 20 | BZ25: =IFERROR(INDEX(Assessments!$H$2:$H$600,MATCH($H25&"|"&$I25&"|"&$J25&"|"&6,Assessments!$A$2:$A$600,0)),"") -> 40 | CA25: =IFERROR(INDEX(Assessments!$H$2:$H$600,MATCH($H25&"|"&$I25&"|"&$J25&"|"&7,Assessments!$A$2:$A$600,0)),"") -> 50 | CB25: =IFERROR(INDEX(Assessments!$H$2:$H$600,MATCH($H25&"|"&$I25&"|"&$J25&"|"&8,Assessments!$A$2:$A$600,0)),"") -> 25 | CC25: =IFERROR(INDEX(Assessments!$H$2:$H$600,MATCH($H25&"|"&$I25&"|"&$J25&"|"&9,Assessments!$A$2:$A$600,0)),"") -> 16 | CD25: =IFERROR(INDEX(Assessments!$H$2:$H$600,MATCH($H25&"|"&$I25&"|"&$J25&"|"&10,Assessments!$A$2:$A$600,0)),"") -> 30 | CE25: =IFERROR(INDEX(Assessments!$H$2:$H$600,MATCH($H25&"|"&$I25&"|"&$J25&"|"&11,Assessments!$A$2:$A$600,0)),"") | CF25: =IFERROR(INDEX(Assessments!$H$2:$H$600,MATCH($H25&"|"&$I25&"|"&$J25&"|"&12,Assessments!$A$2:$A$600,0)),"") | CG25: =IFERROR(INDEX(Assessments!$H$2:$H$600,MATCH($H25&"|"&$I25&"|"&$J25&"|"&13,Assessments!$A$2:$A$600,0)),"") | CH25: =IFERROR(INDEX(Assessments!$H$2:$H$600,MATCH($H25&"|"&$I25&"|"&$J25&"|"&14,Assessments!$A$2:$A$600,0)),"") | CI25: =IFERROR(INDEX(Assessments!$I$2:$I$600,MATCH($H25&"|"&$I25&"|"&$J25&"|"&1,Assessments!$A$2:$A$600,0)),"") -> Geog Paper 1 | CJ25: =IFERROR(INDEX(Assessments!$I$2:$I$600,MATCH($H25&"|"&$I25&"|"&$J25&"|"&2,Assessments!$A$2:$A$600,0)),"") -> Geog Paper 1 | CK25: =IFERROR(INDEX(Assessments!$I$2:$I$600,MATCH($H25&"|"&$I25&"|"&$J25&"|"&3,Assessments!$A$2:$A$600,0)),"") -> Geog Paper 2 | CL25: =IFERROR(INDEX(Assessments!$I$2:$I$600,MATCH($H25&"|"&$I25&"|"&$J25&"|"&4,Assessments!$A$2:$A$600,0)),"") -> Geog Paper 1 | CM25: =IFERROR(INDEX(Assessments!$I$2:$I$600,MATCH($H25&"|"&$I25&"|"&$J25&"|"&5,Assessments!$A$2:$A$600,0)),"") -> Geog Paper 1 | CN25: =IFERROR(INDEX(Assessments!$I$2:$I$600,MATCH($H25&"|"&$I25&"|"&$J25&"|"&6,Assessments!$A$2:$A$600,0)),"") -> Geog Paper 1 | CO25: =IFERROR(INDEX(Assessments!$I$2:$I$600,MATCH($H25&"|"&$I25&"|"&$J25&"|"&7,Assessments!$A$2:$A$600,0)),"") -> Geog Paper 2 | CP25: =IFERROR(INDEX(Assessments!$I$2:$I$600,MATCH($H25&"|"&$I25&"|"&$J25&"|"&8,Assessments!$A$2:$A$600,0)),"") -> Geog Paper 2 | CQ25: =IFERROR(INDEX(Assessments!$I$2:$I$600,MATCH($H25&"|"&$I25&"|"&$J25&"|"&9,Assessments!$A$2:$A$600,0)),"") -> Geog Paper 3 | CR25: =IFERROR(INDEX(Assessments!$I$2:$I$600,MATCH($H25&"|"&$I25&"|"&$J25&"|"&10,Assessments!$A$2:$A$600,0)),"") -> Geog Paper 2 | CS25: =IFERROR(INDEX(Assessments!$I$2:$I$600,MATCH($H25&"|"&$I25&"|"&$J25&"|"&11,Assessments!$A$2:$A$600,0)),"") | CT25: =IFERROR(INDEX(Assessments!$I$2:$I$600,MATCH($H25&"|"&$I25&"|"&$J25&"|"&12,Assessments!$A$2:$A$600,0)),"") | CU25: =IFERROR(INDEX(Assessments!$I$2:$I$600,MATCH($H25&"|"&$I25&"|"&$J25&"|"&13,Assessments!$A$2:$A$600,0)),"") | CV25: =IFERROR(INDEX(Assessments!$I$2:$I$600,MATCH($H25&"|"&$I25&"|"&$J25&"|"&14,Assessments!$A$2:$A$600,0)),"") | CW25: =IFERROR(INDEX(Assessments!$J$2:$J$600,MATCH($H25&"|"&$I25&"|"&$J25&"|"&1,Assessments!$A$2:$A$600,0)),0) -> 1 | CX25: =IFERROR(INDEX(Assessments!$J$2:$J$600,MATCH($H25&"|"&$I25&"|"&$J25&"|"&2,Assessments!$A$2:$A$600,0)),0) -> 1 | CY25: =IFERROR(INDEX(Assessments!$J$2:$J$600,MATCH($H25&"|"&$I25&"|"&$J25&"|"&3,Assessments!$A$2:$A$600,0)),0) -> 1 | CZ25: =IFERROR(INDEX(Assessments!$J$2:$J$600,MATCH($H25&"|"&$I25&"|"&$J25&"|"&4,Assessments!$A$2:$A$600,0)),0) -> 1 | DA25: =IFERROR(INDEX(Assessments!$J$2:$J$600,MATCH($H25&"|"&$I25&"|"&$J25&"|"&5,Assessments!$A$2:$A$600,0)),0) -> 1 | DB25: =IFERROR(INDEX(Assessments!$J$2:$J$600,MATCH($H25&"|"&$I25&"|"&$J25&"|"&6,Assessments!$A$2:$A$600,0)),0) -> 2 | DC25: =IFERROR(INDEX(Assessments!$J$2:$J$600,MATCH($H25&"|"&$I25&"|"&$J25&"|"&7,Assessments!$A$2:$A$600,0)),0) -> 2 | DD25: =IFERROR(INDEX(Assessments!$J$2:$J$600,MATCH($H25&"|"&$I25&"|"&$J25&"|"&8,Assessments!$A$2:$A$600,0)),0) -> 1 | DE25: =IFERROR(INDEX(Assessments!$J$2:$J$600,MATCH($H25&"|"&$I25&"|"&$J25&"|"&9,Assessments!$A$2:$A$600,0)),0) -> 1 | DF25: =IFERROR(INDEX(Assessments!$J$2:$J$600,MATCH($H25&"|"&$I25&"|"&$J25&"|"&10,Assessments!$A$2:$A$600,0)),0) -> 1 | DG25: =IFERROR(INDEX(Assessments!$J$2:$J$600,MATCH($H25&"|"&$I25&"|"&$J25&"|"&11,Assessments!$A$2:$A$600,0)),0) -> 0 | DH25: =IFERROR(INDEX(Assessments!$J$2:$J$600,MATCH($H25&"|"&$I25&"|"&$J25&"|"&12,Assessments!$A$2:$A$600,0)),0) -> 0 | DI25: =IFERROR(INDEX(Assessments!$J$2:$J$600,MATCH($H25&"|"&$I25&"|"&$J25&"|"&13,Assessments!$A$2:$A$600,0)),0) -> 0 | DJ25: =IFERROR(INDEX(Assessments!$J$2:$J$600,MATCH($H25&"|"&$I25&"|"&$J25&"|"&14,Assessments!$A$2:$A$600,0)),0) -> 0 | DK25: =S25 -> 7 | DL25: =W25 -> 5 | DM25: =AA25 -> 6 | DN25: =AE25 -> 7 | DO25: =AI25 -> 7 | DP25: =AM25 -> 7 | DQ25: =AQ25 -> 6 | DR25: =AU25 -> 5 | DS25: =AY25 -> 4 | DT25: =BC25 -> 6 | DU25: =BG25 | DV25: =BK25 | DW25: =BO25 | DX25: =BS25 | DY25: =IF(ISNUMBER(S25),1,"") -> 1 | DZ25: =IF(ISNUMBER(W25),2,"") -> 2 | EA25: =IF(ISNUMBER(AA25),3,"") -> 3 | EB25: =IF(ISNUMBER(AE25),4,"") -> 4 | EC25: =IF(ISNUMBER(AI25),5,"") -> 5 | ED25: =IF(ISNUMBER(AM25),6,"") -> 6 | EE25: =IF(ISNUMBER(AQ25),7,"") -> 7 | EF25: =IF(ISNUMBER(AU25),8,"") -> 8 | EG25: =IF(ISNUMBER(AY25),9,"") -> 9 | EH25: =IF(ISNUMBER(BC25),10,"") -> 10 | EI25: =IF(ISNUMBER(BG25),11,"") | EJ25: =IF(ISNUMBER(BK25),12,"") | EK25: =IF(ISNUMBER(BO25),13,"") | EL25: =IF(ISNUMBER(BS25),14,"") | EM25: =IF(ISNUMBER(R25),R25*CW25,0) -> 75 | EN25: =IF(ISNUMBER(V25),V25*CX25,0) -> 55 | EO25: =IF(ISNUMBER(Z25),Z25*CY25,0) -> 70 | EP25: =IF(ISNUMBER(AD25),AD25*CZ25,0) -> 80 | EQ25: =IF(ISNUMBER(AH25),AH25*DA25,0) -> 80 | ER25: =IF(ISNUMBER(AL25),AL25*DB25,0) -> 180 | ES25: =IF(ISNUMBER(AP25),AP25*DC25,0) -> 144 | ET25: =IF(ISNUMBER(AT25),AT25*DD25,0) -> 60 | EU25: =IF(ISNUMBER(AX25),AX25*DE25,0) -> 56.25 | EV25: =IF(ISNUMBER(BB25),BB25*DF25,0) -> 73.333333 | EW25: =IF(ISNUMBER(BF25),BF25*DG25,0) -> 0 | EX25: =IF(ISNUMBER(BJ25),BJ25*DH25,0) -> 0 | EY25: =IF(ISNUMBER(BN25),BN25*DI25,0) -> 0 | EZ25: =IF(ISNUMBER(BR25),BR25*DJ25,0) -> 0 | FA25: =IF(ISNUMBER(R25),CW25,0) -> 1 | FB25: =IF(ISNUMBER(V25),CX25,0) -> 1 | FC25: =IF(ISNUMBER(Z25),CY25,0) -> 1 | FD25: =IF(ISNUMBER(AD25),CZ25,0) -> 1 | FE25: =IF(ISNUMBER(AH25),DA25,0) -> 1 | FF25: =IF(ISNUMBER(AL25),DB25,0) -> 2 | FG25: =IF(ISNUMBER(AP25),DC25,0) -> 2 | FH25: =IF(ISNUMBER(AT25),DD25,0) -> 1 | FI25: =IF(ISNUMBER(AX25),DE25,0) -> 1 | FJ25: =IF(ISNUMBER(BB25),DF25,0) -> 1 | FK25: =IF(ISNUMBER(BF25),DG25,0) -> 0 | FL25: =IF(ISNUMBER(BJ25),DH25,0) -> 0 | FM25: =IF(ISNUMBER(BN25),DI25,0) -> 0 | FN25: =IF(ISNUMBER(BR25),DJ25,0) -> 0 | FO25: =IFERROR(INDEX(Lists!$G$2:$G$20,MATCH($I25&"|"&$J25,Lists!$F$2:$F$20,0)),"") -> Geog Overall HL
A26: Rebecca | B26: Oliveira | C26: 12.3 | D26: REBO | E26: 5.1 | F26: 5 | H26: Grad 2027 | I26: IB Geography | J26: HL | K26: =IF(OR(M26="",$E26=""),"",M26-$E26) -> -0.1 | L26: =IF(SUM(FA26:FN26)=0,"",SUM(EM26:EZ26)/SUM(FA26:FN26)) -> 59.75 | M26: =IF(OR(L26="",FO26=""),"",IFERROR(MATCH(L26,INDEX(Boundaries!$B$2:$I$30,MATCH(FO26,Boundaries!$A$2:$A$30,0),0),1)-1,"")) -> 5 | N26: =IF(COUNT($DY26:$EL26)<2,"",INDEX($DK26:$DX26,MAX($DY26:$EL26))-INDEX($DK26:$DX26,MIN($DY26:$EL26))) -> 2 | O26: =IF(COUNT($DY26:$EL26)<2,"",INDEX($DK26:$DX26,MAX($DY26:$EL26))-INDEX($DK26:$DX26,LARGE($DY26:$EL26,2))) -> 3 | P26: =IF(K26="","",IF(K26>=0,"On/above target",IF(AND(N26<>"",N26>=0.5),"Improving towards target",IF(AND(O26<>"",O26<=-0.5),"Declining","Stable below target")))) -> Improving towards target | Q26: 9 | R26: =IF(OR(Q26="",BU26=""),"",Q26/BU26*100) -> 45 | S26: =IF(R26="","",IFERROR(MATCH(R26,INDEX(Boundaries!$B$2:$I$30,MATCH(CI26,Boundaries!$A$2:$A$30,0),0),1)-1,"")) -> 4 | T26: =IF(OR(S26="",$E26=""),"",S26-$E26) -> -1.1 | U26: 10 | V26: =IF(OR(U26="",BV26=""),"",U26/BV26*100) -> 50 | W26: =IF(V26="","",IFERROR(MATCH(V26,INDEX(Boundaries!$B$2:$I$30,MATCH(CJ26,Boundaries!$A$2:$A$30,0),0),1)-1,"")) -> 4 | X26: =IF(OR(W26="",$E26=""),"",W26-$E26) -> -1.1 | Y26: 13 | Z26: =IF(OR(Y26="",BW26=""),"",Y26/BW26*100) -> 65 | AA26: =IF(Z26="","",IFERROR(MATCH(Z26,INDEX(Boundaries!$B$2:$I$30,MATCH(CK26,Boundaries!$A$2:$A$30,0),0),1)-1,"")) -> 5 | AB26: =IF(OR(AA26="",$E26=""),"",AA26-$E26) -> -0.1 | AC26: 13 | AD26: =IF(OR(AC26="",BX26=""),"",AC26/BX26*100) -> 65 | AE26: =IF(AD26="","",IFERROR(MATCH(AD26,INDEX(Boundaries!$B$2:$I$30,MATCH(CL26,Boundaries!$A$2:$A$30,0),0),1)-1,"")) -> 6 | AF26: =IF(OR(AE26="",$E26=""),"",AE26-$E26) -> 0.9 | AG26: 16 | AH26: =IF(OR(AG26="",BY26=""),"",AG26/BY26*100) -> 80 | AI26: =IF(AH26="","",IFERROR(MATCH(AH26,INDEX(Boundaries!$B$2:$I$30,MATCH(CM26,Boundaries!$A$2:$A$30,0),0),1)-1,"")) -> 7 | AJ26: =IF(OR(AI26="",$E26=""),"",AI26-$E26) -> 1.9 | AK26: 24 | AL26: =IF(OR(AK26="",BZ26=""),"",AK26/BZ26*100) -> 60 | AM26: =IF(AL26="","",IFERROR(MATCH(AL26,INDEX(Boundaries!$B$2:$I$30,MATCH(CN26,Boundaries!$A$2:$A$30,0),0),1)-1,"")) -> 5 | AN26: =IF(OR(AM26="",$E26=""),"",AM26-$E26) -> -0.1 | AO26: 29 | AP26: =IF(OR(AO26="",CA26=""),"",AO26/CA26*100) -> 58 | AQ26: =IF(AP26="","",IFERROR(MATCH(AP26,INDEX(Boundaries!$B$2:$I$30,MATCH(CO26,Boundaries!$A$2:$A$30,0),0),1)-1,"")) -> 5 | AR26: =IF(OR(AQ26="",$E26=""),"",AQ26-$E26) -> -0.1 | AS26: 14 | AT26: =IF(OR(AS26="",CB26=""),"",AS26/CB26*100) -> 56 | AU26: =IF(AT26="","",IFERROR(MATCH(AT26,INDEX(Boundaries!$B$2:$I$30,MATCH(CP26,Boundaries!$A$2:$A$30,0),0),1)-1,"")) -> 5 | AV26: =IF(OR(AU26="",$E26=""),"",AU26-$E26) -> -0.1 | AW26: 8 | AX26: =IF(OR(AW26="",CC26=""),"",AW26/CC26*100) -> 50 | AY26: =IF(AX26="","",IFERROR(MATCH(AX26,INDEX(Boundaries!$B$2:$I$30,MATCH(CQ26,Boundaries!$A$2:$A$30,0),0),1)-1,"")) -> 3 | AZ26: =IF(OR(AY26="",$E26=""),"",AY26-$E26) -> -2.1 | BA26: 21 | BB26: =IF(OR(BA26="",CD26=""),"",BA26/CD26*100) -> 70 | BC26: =IF(BB26="","",IFERROR(MATCH(BB26,INDEX(Boundaries!$B$2:$I$30,MATCH(CR26,Boundaries!$A$2:$A$30,0),0),1)-1,"")) -> 6 | BD26: =IF(OR(BC26="",$E26=""),"",BC26-$E26) -> 0.9 | BF26: =IF(OR(BE26="",CE26=""),"",BE26/CE26*100) | BG26: =IF(BF26="","",IFERROR(MATCH(BF26,INDEX(Boundaries!$B$2:$I$30,MATCH(CS26,Boundaries!$A$2:$A$30,0),0),1)-1,"")) | BH26: =IF(OR(BG26="",$E26=""),"",BG26-$E26) | BJ26: =IF(OR(BI26="",CF26=""),"",BI26/CF26*100) | BK26: =IF(BJ26="","",IFERROR(MATCH(BJ26,INDEX(Boundaries!$B$2:$I$30,MATCH(CT26,Boundaries!$A$2:$A$30,0),0),1)-1,"")) | BL26: =IF(OR(BK26="",$E26=""),"",BK26-$E26) | BN26: =IF(OR(BM26="",CG26=""),"",BM26/CG26*100) | BO26: =IF(BN26="","",IFERROR(MATCH(BN26,INDEX(Boundaries!$B$2:$I$30,MATCH(CU26,Boundaries!$A$2:$A$30,0),0),1)-1,"")) | BP26: =IF(OR(BO26="",$E26=""),"",BO26-$E26) | BR26: =IF(OR(BQ26="",CH26=""),"",BQ26/CH26*100) | BS26: =IF(BR26="","",IFERROR(MATCH(BR26,INDEX(Boundaries!$B$2:$I$30,MATCH(CV26,Boundaries!$A$2:$A$30,0),0),1)-1,"")) | BT26: =IF(OR(BS26="",$E26=""),"",BS26-$E26) | BU26: =IFERROR(INDEX(Assessments!$H$2:$H$600,MATCH($H26&"|"&$I26&"|"&$J26&"|"&1,Assessments!$A$2:$A$600,0)),"") -> 20 | BV26: =IFERROR(INDEX(Assessments!$H$2:$H$600,MATCH($H26&"|"&$I26&"|"&$J26&"|"&2,Assessments!$A$2:$A$600,0)),"") -> 20 | BW26: =IFERROR(INDEX(Assessments!$H$2:$H$600,MATCH($H26&"|"&$I26&"|"&$J26&"|"&3,Assessments!$A$2:$A$600,0)),"") -> 20 | BX26: =IFERROR(INDEX(Assessments!$H$2:$H$600,MATCH($H26&"|"&$I26&"|"&$J26&"|"&4,Assessments!$A$2:$A$600,0)),"") -> 20 | BY26: =IFERROR(INDEX(Assessments!$H$2:$H$600,MATCH($H26&"|"&$I26&"|"&$J26&"|"&5,Assessments!$A$2:$A$600,0)),"") -> 20 | BZ26: =IFERROR(INDEX(Assessments!$H$2:$H$600,MATCH($H26&"|"&$I26&"|"&$J26&"|"&6,Assessments!$A$2:$A$600,0)),"") -> 40 | CA26: =IFERROR(INDEX(Assessments!$H$2:$H$600,MATCH($H26&"|"&$I26&"|"&$J26&"|"&7,Assessments!$A$2:$A$600,0)),"") -> 50 | CB26: =IFERROR(INDEX(Assessments!$H$2:$H$600,MATCH($H26&"|"&$I26&"|"&$J26&"|"&8,Assessments!$A$2:$A$600,0)),"") -> 25 | CC26: =IFERROR(INDEX(Assessments!$H$2:$H$600,MATCH($H26&"|"&$I26&"|"&$J26&"|"&9,Assessments!$A$2:$A$600,0)),"") -> 16 | CD26: =IFERROR(INDEX(Assessments!$H$2:$H$600,MATCH($H26&"|"&$I26&"|"&$J26&"|"&10,Assessments!$A$2:$A$600,0)),"") -> 30 | CE26: =IFERROR(INDEX(Assessments!$H$2:$H$600,MATCH($H26&"|"&$I26&"|"&$J26&"|"&11,Assessments!$A$2:$A$600,0)),"") | CF26: =IFERROR(INDEX(Assessments!$H$2:$H$600,MATCH($H26&"|"&$I26&"|"&$J26&"|"&12,Assessments!$A$2:$A$600,0)),"") | CG26: =IFERROR(INDEX(Assessments!$H$2:$H$600,MATCH($H26&"|"&$I26&"|"&$J26&"|"&13,Assessments!$A$2:$A$600,0)),"") | CH26: =IFERROR(INDEX(Assessments!$H$2:$H$600,MATCH($H26&"|"&$I26&"|"&$J26&"|"&14,Assessments!$A$2:$A$600,0)),"") | CI26: =IFERROR(INDEX(Assessments!$I$2:$I$600,MATCH($H26&"|"&$I26&"|"&$J26&"|"&1,Assessments!$A$2:$A$600,0)),"") -> Geog Paper 1 | CJ26: =IFERROR(INDEX(Assessments!$I$2:$I$600,MATCH($H26&"|"&$I26&"|"&$J26&"|"&2,Assessments!$A$2:$A$600,0)),"") -> Geog Paper 1 | CK26: =IFERROR(INDEX(Assessments!$I$2:$I$600,MATCH($H26&"|"&$I26&"|"&$J26&"|"&3,Assessments!$A$2:$A$600,0)),"") -> Geog Paper 2 | CL26: =IFERROR(INDEX(Assessments!$I$2:$I$600,MATCH($H26&"|"&$I26&"|"&$J26&"|"&4,Assessments!$A$2:$A$600,0)),"") -> Geog Paper 1 | CM26: =IFERROR(INDEX(Assessments!$I$2:$I$600,MATCH($H26&"|"&$I26&"|"&$J26&"|"&5,Assessments!$A$2:$A$600,0)),"") -> Geog Paper 1 | CN26: =IFERROR(INDEX(Assessments!$I$2:$I$600,MATCH($H26&"|"&$I26&"|"&$J26&"|"&6,Assessments!$A$2:$A$600,0)),"") -> Geog Paper 1 | CO26: =IFERROR(INDEX(Assessments!$I$2:$I$600,MATCH($H26&"|"&$I26&"|"&$J26&"|"&7,Assessments!$A$2:$A$600,0)),"") -> Geog Paper 2 | CP26: =IFERROR(INDEX(Assessments!$I$2:$I$600,MATCH($H26&"|"&$I26&"|"&$J26&"|"&8,Assessments!$A$2:$A$600,0)),"") -> Geog Paper 2 | CQ26: =IFERROR(INDEX(Assessments!$I$2:$I$600,MATCH($H26&"|"&$I26&"|"&$J26&"|"&9,Assessments!$A$2:$A$600,0)),"") -> Geog Paper 3 | CR26: =IFERROR(INDEX(Assessments!$I$2:$I$600,MATCH($H26&"|"&$I26&"|"&$J26&"|"&10,Assessments!$A$2:$A$600,0)),"") -> Geog Paper 2 | CS26: =IFERROR(INDEX(Assessments!$I$2:$I$600,MATCH($H26&"|"&$I26&"|"&$J26&"|"&11,Assessments!$A$2:$A$600,0)),"") | CT26: =IFERROR(INDEX(Assessments!$I$2:$I$600,MATCH($H26&"|"&$I26&"|"&$J26&"|"&12,Assessments!$A$2:$A$600,0)),"") | CU26: =IFERROR(INDEX(Assessments!$I$2:$I$600,MATCH($H26&"|"&$I26&"|"&$J26&"|"&13,Assessments!$A$2:$A$600,0)),"") | CV26: =IFERROR(INDEX(Assessments!$I$2:$I$600,MATCH($H26&"|"&$I26&"|"&$J26&"|"&14,Assessments!$A$2:$A$600,0)),"") | CW26: =IFERROR(INDEX(Assessments!$J$2:$J$600,MATCH($H26&"|"&$I26&"|"&$J26&"|"&1,Assessments!$A$2:$A$600,0)),0) -> 1 | CX26: =IFERROR(INDEX(Assessments!$J$2:$J$600,MATCH($H26&"|"&$I26&"|"&$J26&"|"&2,Assessments!$A$2:$A$600,0)),0) -> 1 | CY26: =IFERROR(INDEX(Assessments!$J$2:$J$600,MATCH($H26&"|"&$I26&"|"&$J26&"|"&3,Assessments!$A$2:$A$600,0)),0) -> 1 | CZ26: =IFERROR(INDEX(Assessments!$J$2:$J$600,MATCH($H26&"|"&$I26&"|"&$J26&"|"&4,Assessments!$A$2:$A$600,0)),0) -> 1 | DA26: =IFERROR(INDEX(Assessments!$J$2:$J$600,MATCH($H26&"|"&$I26&"|"&$J26&"|"&5,Assessments!$A$2:$A$600,0)),0) -> 1 | DB26: =IFERROR(INDEX(Assessments!$J$2:$J$600,MATCH($H26&"|"&$I26&"|"&$J26&"|"&6,Assessments!$A$2:$A$600,0)),0) -> 2 | DC26: =IFERROR(INDEX(Assessments!$J$2:$J$600,MATCH($H26&"|"&$I26&"|"&$J26&"|"&7,Assessments!$A$2:$A$600,0)),0) -> 2 | DD26: =IFERROR(INDEX(Assessments!$J$2:$J$600,MATCH($H26&"|"&$I26&"|"&$J26&"|"&8,Assessments!$A$2:$A$600,0)),0) -> 1 | DE26: =IFERROR(INDEX(Assessments!$J$2:$J$600,MATCH($H26&"|"&$I26&"|"&$J26&"|"&9,Assessments!$A$2:$A$600,0)),0) -> 1 | DF26: =IFERROR(INDEX(Assessments!$J$2:$J$600,MATCH($H26&"|"&$I26&"|"&$J26&"|"&10,Assessments!$A$2:$A$600,0)),0) -> 1 | DG26: =IFERROR(INDEX(Assessments!$J$2:$J$600,MATCH($H26&"|"&$I26&"|"&$J26&"|"&11,Assessments!$A$2:$A$600,0)),0) -> 0 | DH26: =IFERROR(INDEX(Assessments!$J$2:$J$600,MATCH($H26&"|"&$I26&"|"&$J26&"|"&12,Assessments!$A$2:$A$600,0)),0) -> 0 | DI26: =IFERROR(INDEX(Assessments!$J$2:$J$600,MATCH($H26&"|"&$I26&"|"&$J26&"|"&13,Assessments!$A$2:$A$600,0)),0) -> 0 | DJ26: =IFERROR(INDEX(Assessments!$J$2:$J$600,MATCH($H26&"|"&$I26&"|"&$J26&"|"&14,Assessments!$A$2:$A$600,0)),0) -> 0 | DK26: =S26 -> 4 | DL26: =W26 -> 4 | DM26: =AA26 -> 5 | DN26: =AE26 -> 6 | DO26: =AI26 -> 7 | DP26: =AM26 -> 5 | DQ26: =AQ26 -> 5 | DR26: =AU26 -> 5 | DS26: =AY26 -> 3 | DT26: =BC26 -> 6 | DU26: =BG26 | DV26: =BK26 | DW26: =BO26 | DX26: =BS26 | DY26: =IF(ISNUMBER(S26),1,"") -> 1 | DZ26: =IF(ISNUMBER(W26),2,"") -> 2 | EA26: =IF(ISNUMBER(AA26),3,"") -> 3 | EB26: =IF(ISNUMBER(AE26),4,"") -> 4 | EC26: =IF(ISNUMBER(AI26),5,"") -> 5 | ED26: =IF(ISNUMBER(AM26),6,"") -> 6 | EE26: =IF(ISNUMBER(AQ26),7,"") -> 7 | EF26: =IF(ISNUMBER(AU26),8,"") -> 8 | EG26: =IF(ISNUMBER(AY26),9,"") -> 9 | EH26: =IF(ISNUMBER(BC26),10,"") -> 10 | EI26: =IF(ISNUMBER(BG26),11,"") | EJ26: =IF(ISNUMBER(BK26),12,"") | EK26: =IF(ISNUMBER(BO26),13,"") | EL26: =IF(ISNUMBER(BS26),14,"") | EM26: =IF(ISNUMBER(R26),R26*CW26,0) -> 45 | EN26: =IF(ISNUMBER(V26),V26*CX26,0) -> 50 | EO26: =IF(ISNUMBER(Z26),Z26*CY26,0) -> 65 | EP26: =IF(ISNUMBER(AD26),AD26*CZ26,0) -> 65 | EQ26: =IF(ISNUMBER(AH26),AH26*DA26,0) -> 80 | ER26: =IF(ISNUMBER(AL26),AL26*DB26,0) -> 120 | ES26: =IF(ISNUMBER(AP26),AP26*DC26,0) -> 116 | ET26: =IF(ISNUMBER(AT26),AT26*DD26,0) -> 56 | EU26: =IF(ISNUMBER(AX26),AX26*DE26,0) -> 50 | EV26: =IF(ISNUMBER(BB26),BB26*DF26,0) -> 70 | EW26: =IF(ISNUMBER(BF26),BF26*DG26,0) -> 0 | EX26: =IF(ISNUMBER(BJ26),BJ26*DH26,0) -> 0 | EY26: =IF(ISNUMBER(BN26),BN26*DI26,0) -> 0 | EZ26: =IF(ISNUMBER(BR26),BR26*DJ26,0) -> 0 | FA26: =IF(ISNUMBER(R26),CW26,0) -> 1 | FB26: =IF(ISNUMBER(V26),CX26,0) -> 1 | FC26: =IF(ISNUMBER(Z26),CY26,0) -> 1 | FD26: =IF(ISNUMBER(AD26),CZ26,0) -> 1 | FE26: =IF(ISNUMBER(AH26),DA26,0) -> 1 | FF26: =IF(ISNUMBER(AL26),DB26,0) -> 2 | FG26: =IF(ISNUMBER(AP26),DC26,0) -> 2 | FH26: =IF(ISNUMBER(AT26),DD26,0) -> 1 | FI26: =IF(ISNUMBER(AX26),DE26,0) -> 1 | FJ26: =IF(ISNUMBER(BB26),DF26,0) -> 1 | FK26: =IF(ISNUMBER(BF26),DG26,0) -> 0 | FL26: =IF(ISNUMBER(BJ26),DH26,0) -> 0 | FM26: =IF(ISNUMBER(BN26),DI26,0) -> 0 | FN26: =IF(ISNUMBER(BR26),DJ26,0) -> 0 | FO26: =IFERROR(INDEX(Lists!$G$2:$G$20,MATCH($I26&"|"&$J26,Lists!$F$2:$F$20,0)),"") -> Geog Overall HL
